date,open,high,low,close,volume
2021-05-14,49679.6,51457.6,48838.8,49848.2,33180.6005
2021-05-15,49848.2,50667.8,46563.9,46767.3,47763.7935
2021-05-16,46767.2,49780.5,43892.7,46424.8,57597.9775
2021-05-17,46426.7,46615.6,42132.4,43544.6,80736.7849
2021-05-18,43551.9,45785.3,42265.5,42855.4,56961.8257
2021-05-19,42856.0,43567.7,29185.0,36655.0,98962.8846
2021-05-20,36647.4,42406.0,34929.4,40521.8,66167.1013
2021-05-21,40523.8,42193.2,33495.7,37258.2,57568.1763
2021-05-22,37258.2,38817.6,35212.6,37440.8,45188.6868
2021-05-23,37444.8,38275.2,31111.0,34632.2,61701.1637
2021-05-24,34632.2,39871.2,34398.0,38802.6,40210.8771
2021-05-25,38802.6,39790.7,36433.9,38341.1,36283.5542
2021-05-26,38339.5,40814.7,37805.0,39244.6,26848.3947
2021-05-27,39244.0,40381.9,37147.7,38509.3,24340.0918
2021-05-28,38509.7,38867.5,34715.1,35661.7,35622.9026
2021-05-29,35660.2,37307.8,33646.6,34583.9,35395.6831
2021-05-30,34583.4,36468.8,33391.3,35648.1,21814.0725
2021-05-31,35645.4,37492.8,34163.3,37252.8,21604.8144
2021-06-01,37252.8,37892.7,35703.6,36693.9,21192.2762
2021-06-02,36693.3,38221.8,35935.6,37567.6,13866.2935
2021-06-03,37569.6,39477.4,37190.8,39239.0,12926.1282
2021-06-04,39241.8,39280.9,35571.3,36829.7,17905.8009
2021-06-05,36829.7,37900.9,34827.3,35512.6,16641.9078
2021-06-06,35512.1,36440.4,35244.6,35798.3,10042.6552
2021-06-07,35798.3,36789.8,33331.2,33568.2,13456.6477
2021-06-08,33565.5,34040.0,31007.7,33379.7,24182.6698
2021-06-09,33379.7,37523.3,32401.9,37380.3,22510.2854
2021-06-10,37383.7,38427.8,35799.9,36675.4,21794.9674
2021-06-11,36679.9,37661.0,35952.9,37336.7,17334.6848
2021-06-12,37337.4,37457.7,34530.7,35541.6,18455.2209
2021-06-13,35541.6,39363.6,34781.5,39016.9,15233.2776
2021-06-14,39017.2,41008.7,38746.2,40508.8,15947.0812
2021-06-15,40514.0,41320.2,39559.4,40150.6,15113.7217
2021-06-16,40150.1,40497.6,38123.7,38354.4,16394.868
2021-06-17,38353.1,39540.0,37377.4,38084.8,13439.9173
2021-06-18,38084.8,38202.3,35132.4,35807.6,16750.7912
2021-06-19,35812.1,36445.0,34815.6,35488.9,15583.8101
2021-06-20,35485.6,36111.7,33339.1,35599.5,17840.8048
2021-06-21,35600.4,35742.3,31265.5,31617.0,40856.3244
2021-06-22,31615.9,33288.5,28817.3,32508.2,43188.3664
2021-06-23,32512.7,34797.5,31716.5,33666.6,27280.6403
2021-06-24,33669.8,35279.1,32319.7,34661.2,19965.9774
2021-06-25,34661.2,35496.9,31289.4,31589.5,26889.5376
2021-06-26,31586.1,32696.6,30153.7,32288.5,32032.2327
2021-06-27,32283.8,34738.0,31998.3,34698.4,22280.0868
2021-06-28,34701.0,35284.6,33877.3,34491.5,17127.076
2021-06-29,34493.5,36601.5,34231.3,35923.6,16705.5104
2021-06-30,35919.9,36098.2,34049.1,35041.6,15471.8262
2021-07-01,35043.4,35052.8,32721.2,33526.4,16135.6655
2021-07-02,33526.4,33965.3,32701.7,33786.7,14497.7545
2021-07-03,33786.7,34949.5,33331.5,34668.3,9693.1883
2021-07-04,34669.6,35962.1,34372.2,35282.2,8437.4834
2021-07-05,35282.2,35283.8,33134.6,33687.2,9663.7251
2021-07-06,33684.9,35066.4,33555.6,34223.9,19511.6864
2021-07-07,34222.9,35033.8,33795.1,33861.2,12228.5917
2021-07-08,33860.4,33909.8,32100.5,32864.0,20672.5422
2021-07-09,32866.6,34085.0,32282.0,33819.1,14946.549
2021-07-10,33819.1,34246.6,33058.1,33508.3,10397.5874
2021-07-11,33508.4,34597.4,33314.2,34250.0,8921.7796
2021-07-12,34253.0,34640.7,32662.4,33106.1,11424.9941
2021-07-13,33104.4,33314.2,32221.4,32731.1,11401.102
2021-07-14,32729.7,33076.5,31601.2,32817.4,14997.3542
2021-07-15,32818.4,33182.8,31156.3,31866.2,17927.6256
2021-07-16,31867.0,32234.7,31035.0,31381.7,15419.4134
2021-07-17,31381.8,31945.4,31173.6,31512.0,11033.0092
2021-07-18,31512.0,32412.9,31175.5,31774.5,8664.5903
2021-07-19,31775.2,31893.9,30478.2,30835.0,11080.3869
2021-07-20,30836.4,31046.3,29306.2,29784.7,15439.2808
2021-07-21,29784.7,32772.9,29503.5,32130.3,19121.4939
2021-07-22,32131.1,32570.3,31727.2,32290.4,11733.2468
2021-07-23,32288.4,33605.0,32023.6,33604.8,9839.5145
2021-07-24,33604.8,34480.0,33407.2,34247.7,8779.6116
2021-07-25,34247.7,35393.2,33861.3,35385.9,8817.9793
2021-07-26,35385.9,40517.0,35221.4,37242.2,36214.0252
2021-07-27,37241.2,39491.8,36411.8,39480.3,20087.0188
2021-07-28,39474.1,40865.1,38836.8,40006.8,23040.9246
2021-07-29,40006.8,40625.7,39308.1,40021.1,12093.1482
2021-07-30,40021.5,42285.6,38332.3,42201.7,13764.9001
2021-07-31,42202.8,42306.5,41045.2,41423.3,9232.8442
2021-08-01,41423.3,42576.3,39557.8,39850.3,10969.3822
2021-08-02,39850.3,40431.9,38694.1,39150.0,11731.6562
2021-08-03,39150.0,39771.8,37713.1,38208.7,15595.1513
2021-08-04,38207.0,39962.5,37558.9,39740.9,9542.8845
2021-08-05,39739.1,41348.2,37348.2,40867.0,16714.203
2021-08-06,40867.0,43286.0,39904.3,42841.4,16795.9216
2021-08-07,42842.4,44693.3,42548.2,44571.8,15953.1093
2021-08-08,44574.7,45292.6,43280.0,43808.4,15815.5313
2021-08-09,43807.8,46453.5,42815.1,46268.2,16124.3084
2021-08-10,46268.2,46663.7,44645.1,45579.6,8674.929
2021-08-11,45580.0,46743.8,45347.2,45550.1,2766.2474
2021-08-12,45550.0,46214.6,43801.7,44407.6,3610.5459
2021-08-13,44404.4,47839.9,44231.4,47799.1,2892.8016
2021-08-14,47799.4,48106.1,46054.0,47074.1,3259.9183
2021-08-15,47074.3,47361.4,45522.1,46981.2,2827.8459
2021-08-16,46981.2,48036.5,45663.7,45912.1,2134.9575
2021-08-17,45899.9,47149.9,44430.2,44682.9,1239.2252
2021-08-18,44678.8,46005.6,44227.2,44699.0,1130.209
2021-08-19,44700.7,47040.5,43958.0,46755.3,1127.6353
2021-08-20,46761.0,49365.0,46638.7,49314.6,1418.0033
2021-08-21,49316.2,49765.8,48236.6,48826.3,1714.5138
2021-08-22,48826.3,49484.2,48097.3,49255.6,1705.6631
2021-08-23,49252.2,50497.0,49030.2,49514.7,1672.1569
2021-08-24,49506.3,49858.3,47601.0,47698.5,1703.2533
2021-08-25,47689.6,49256.9,47130.6,48980.6,1731.5941
2021-08-26,48979.2,49348.2,46296.9,46834.6,1784.209
2021-08-27,46834.6,49141.4,46353.5,49064.2,1774.138
2021-08-28,49064.2,49285.3,48356.6,48884.7,1698.7284
2021-08-29,48884.7,49630.9,47814.0,48763.0,1721.4445
2021-08-30,48764.5,48873.2,46854.0,46981.7,1740.5038
2021-08-31,46980.1,48242.0,46695.3,47106.6,1762.4034
2021-09-01,47106.5,49037.4,46510.1,48820.1,1773.2685
2021-09-02,48820.1,50350.9,48602.7,49253.4,1697.6531
2021-09-03,49252.6,51015.6,48335.8,49994.6,1702.8565
2021-09-04,49993.4,50535.3,49411.5,49907.9,7511.7639
2021-09-05,49907.9,51877.0,49465.4,51766.3,10728.9667
2021-09-06,51764.3,52755.2,51030.0,52666.9,12517.3167
2021-09-07,52665.0,52916.4,42908.6,46827.3,27848.183
2021-09-08,46854.5,47337.3,44450.0,46064.3,17615.2296
2021-09-09,46054.4,47377.5,45569.2,46391.4,13430.0272
2021-09-10,46394.0,47034.1,44247.1,44854.7,16621.2465
2021-09-11,44851.4,45979.7,44734.4,45165.0,11602.4288
2021-09-12,45167.8,46401.0,44745.6,46048.0,9591.5621
2021-09-13,46034.0,46820.8,43465.8,44940.8,19425.9959
2021-09-14,44941.3,47246.3,44708.9,47100.7,13306.9503
2021-09-15,47113.6,48438.6,46714.9,48128.5,12220.5545
2021-09-16,48125.8,48478.0,47035.6,47742.2,11914.4428
2021-09-17,47740.8,48149.2,46768.9,47288.1,9551.7115
2021-09-18,47290.7,48786.5,47057.2,48299.0,11256.3696
2021-09-19,48300.9,48365.5,46846.3,47240.1,9709.735
2021-09-20,47241.4,47329.4,42526.1,43024.0,23190.8467
2021-09-21,43019.0,43622.2,39616.2,40664.1,25230.5429
2021-09-22,40664.1,43995.5,40572.8,43552.2,17179.4412
2021-09-23,43548.7,44950.4,43076.7,44866.0,14193.9536
2021-09-24,44866.0,45119.9,40746.2,42803.9,24205.5713
2021-09-25,42807.9,42965.9,41661.0,42674.6,11753.8378
2021-09-26,42673.9,43907.7,40752.5,43191.6,13934.5252
2021-09-27,43177.9,44341.2,42104.8,42145.7,12579.988
2021-09-28,42149.6,42758.8,40886.7,41031.9,13897.7595
2021-09-29,41032.3,42580.0,40756.2,41525.5,12766.363
2021-09-30,41526.1,44110.4,41413.2,43818.5,15157.0351
2021-10-01,43818.3,48459.2,43289.1,48145.6,19105.5797
2021-10-02,48144.3,48299.3,47435.2,47648.0,9537.1951
2021-10-03,47640.8,49220.6,47101.0,48201.5,9464.1723
2021-10-04,48202.4,49487.8,46939.4,49216.2,13528.2266
2021-10-05,49212.8,51887.1,49037.9,51462.5,14017.6001
2021-10-06,51458.3,55746.2,50402.8,55314.6,21920.017
2021-10-07,55310.6,55327.6,53380.1,53780.1,14281.826
2021-10-08,53779.8,56041.2,53633.5,53924.8,14518.1234
2021-10-09,53948.8,55459.9,53671.2,54947.4,15321.0528
2021-10-10,54952.0,56488.4,54119.0,54677.8,21242.6388
2021-10-11,54664.9,57799.8,54430.9,57487.3,13910.5439
2021-10-12,57477.0,57653.0,54143.7,56019.3,16715.9331
2021-10-13,56012.4,57771.9,54297.5,57366.0,15547.1884
2021-10-14,57368.2,58518.6,56835.1,57347.5,14130.5694
2021-10-15,57344.9,62907.5,56859.5,61661.2,22697.3762
2021-10-16,61677.4,62360.3,60161.9,60883.6,10524.4727
2021-10-17,60883.6,61676.0,59036.9,61517.1,11573.7604
2021-10-18,61525.7,62687.2,59930.9,62021.6,15309.449
2021-10-19,62023.7,64454.6,61404.2,64274.3,16933.8438
2021-10-20,64279.5,66969.0,63506.3,66023.8,14760.0411
2021-10-21,66005.5,66644.6,62036.1,62219.3,18188.9754
2021-10-22,62216.2,63715.2,60031.4,60696.4,14781.6333
2021-10-23,60690.3,61734.2,59660.0,61298.9,8702.2342
2021-10-24,61301.7,61491.1,59550.3,60853.3,10608.2299
2021-10-25,60858.2,63710.8,60650.1,63079.3,10367.5568
2021-10-26,63084.9,63281.4,59857.3,60295.9,11873.6924
2021-10-27,60300.6,61477.0,57990.4,58409.7,15773.1081
2021-10-28,58407.4,62183.7,58112.5,60596.2,15847.7423
2021-10-29,60593.3,62961.1,60250.9,62229.2,12269.4574
2021-10-30,62225.5,62364.3,60750.1,61870.1,9477.0855
2021-10-31,61871.8,62399.0,59973.0,61302.8,11394.6587
2021-11-01,61303.3,62428.3,59551.4,60889.7,12804.5291
2021-11-02,60910.6,64234.3,60636.8,63212.8,12208.0382
2021-11-03,63211.6,63508.2,60829.2,62884.8,10647.7289
2021-11-04,62888.3,63091.9,60700.3,61400.3,9451.2034
2021-11-05,61398.2,62572.6,60751.5,60961.6,9498.4441
2021-11-06,60948.7,61537.1,60066.1,61473.6,7766.2677
2021-11-07,61470.7,63249.9,61328.4,63244.8,7048.2442
2021-11-08,63245.1,67781.6,63241.8,67525.9,13729.608
2021-11-09,67527.5,68507.5,66324.6,66946.0,10963.3501
2021-11-10,66946.5,69009.5,63144.9,64914.9,14759.4815
2021-11-11,64881.7,65593.0,64134.5,64798.6,9215.6515
2021-11-12,64795.5,65456.4,62277.4,64127.0,10659.3254
2021-11-13,64123.3,64954.6,63362.3,64381.3,6931.6099
2021-11-14,64381.7,65507.4,63594.3,65506.3,7037.4611
2021-11-15,65505.0,66327.0,63424.7,63605.2,9310.3841
2021-11-16,63606.4,63612.5,58630.5,60068.3,16895.7303
2021-11-17,60066.9,60810.0,58464.8,60335.8,10602.3608
2021-11-18,60335.7,60953.9,56491.0,56904.8,12279.0153
2021-11-19,56899.0,58321.1,55609.4,58044.8,9708.3873
2021-11-20,58053.9,59846.1,57368.8,59702.7,7045.4494
2021-11-21,59709.7,59986.0,58505.3,58614.1,6354.7163
2021-11-22,58597.7,59292.5,55618.0,56248.9,10940.2601
2021-11-23,56254.6,57859.0,55454.1,57539.0,10144.2016
2021-11-24,57535.0,57733.2,55899.2,57137.2,8348.9681
2021-11-25,57137.8,59394.0,57015.5,58939.0,8104.9633
2021-11-26,58933.6,59152.9,53508.5,53754.3,13384.6682
2021-11-27,53734.5,55274.8,53608.7,54750.0,6791.0056
2021-11-28,54726.6,57423.6,53294.0,57296.7,7315.0696
2021-11-29,57284.2,58854.5,56680.5,57770.6,8261.7626
2021-11-30,57776.4,59177.5,55901.0,56865.6,9651.324
2021-12-01,56929.9,59052.2,56467.0,57186.2,8790.4528
2021-12-02,57178.3,57374.6,55785.1,56491.8,7995.1293
2021-12-03,56491.9,57595.9,51615.7,53631.7,11248.6369
2021-12-04,53626.6,53851.7,42024.4,49189.2,18350.0566
2021-12-05,49160.4,49682.9,47756.9,49373.0,9145.1972
2021-12-06,49387.2,50880.3,47206.4,50450.5,12086.1366
2021-12-07,50441.8,51922.8,50032.6,50587.7,8327.0501
2021-12-08,50589.1,51193.7,48677.0,50481.6,8569.9665
2021-12-09,50498.6,50802.3,47357.4,47569.4,8485.2023
2021-12-10,47573.7,50044.5,46958.0,47189.1,10869.5321
2021-12-11,47176.7,49489.8,46795.4,49358.8,7266.5333
2021-12-12,49379.3,50781.0,48661.1,50090.3,5850.2407
2021-12-13,50082.3,50198.4,45789.1,46704.9,10650.3227
2021-12-14,46717.7,48651.0,46311.8,48364.0,9499.9975
2021-12-15,48368.8,49488.6,46600.6,48869.7,11658.0011
2021-12-16,48864.6,49430.8,47542.7,47638.8,7211.2193
2021-12-17,47634.0,48001.2,45487.9,46154.3,10009.9864
2021-12-18,46154.3,47344.6,45519.4,46839.1,6656.1323
2021-12-19,46848.3,48248.3,46445.3,46692.6,8092.753
2021-12-20,46679.6,47507.9,45591.0,46911.4,10120.5011
2021-12-21,46908.7,49305.5,46656.6,48910.5,11318.8836
2021-12-22,48902.3,49556.9,48450.0,48601.4,8112.5441
2021-12-23,48605.3,51343.7,48051.1,50801.7,10520.226
2021-12-24,50806.0,51799.2,50438.6,50821.9,9617.2176
2021-12-25,50819.6,51136.1,50210.1,50422.5,6592.7581
2021-12-26,50423.0,51254.7,49464.9,50769.3,6929.6047
2021-12-27,50774.5,52033.6,50460.7,50706.8,8764.3203
2021-12-28,50704.8,50709.6,47318.4,47536.4,13395.7728
2021-12-29,47532.0,48132.5,46129.0,46466.0,11203.9213
2021-12-30,46475.1,47888.0,45959.4,47125.8,9200.9717
2021-12-31,47132.2,48559.0,45684.1,46209.5,11696.5279
2022-01-01,46204.0,47937.9,46201.8,47729.6,6848.9757
2022-01-02,47734.8,47962.8,46690.4,47290.8,6538.55
2022-01-03,47297.1,47567.4,45713.4,46426.0,8901.9432
2022-01-04,46434.5,47499.1,45576.6,45854.3,10865.9882
2022-01-05,45850.4,47046.7,42500.1,43433.6,15572.3851
2022-01-06,43417.8,43771.3,42446.6,43100.5,10126.8074
2022-01-07,43097.3,43136.8,40713.1,41551.5,16241.5106
2022-01-08,41551.2,42306.6,40544.2,41680.4,10455.0712
2022-01-09,41687.3,42779.5,41254.7,41858.1,6519.2837
2022-01-10,41855.1,42241.2,39662.1,41824.0,13608.3348
2022-01-11,41829.9,43107.2,41282.8,42724.6,10575.5426
2022-01-12,42728.7,44297.1,42465.6,43913.2,11129.1195
2022-01-13,43915.1,44414.8,42328.5,42553.7,11599.0731
2022-01-14,42579.0,43446.0,41802.2,43074.4,10528.3145
2022-01-15,43081.5,43795.0,42580.6,43090.0,5037.6341
2022-01-16,43085.9,43470.2,42607.3,43080.3,5813.8697
2022-01-17,43092.1,43187.9,41560.7,42240.2,9636.9971
2022-01-18,42238.3,42673.4,41292.5,42365.6,11796.6745
2022-01-19,42362.7,42553.8,41154.8,41663.0,10118.4014
2022-01-20,41663.4,43502.2,40563.2,40722.3,12548.8409
2022-01-21,40705.7,41103.8,35453.5,36465.0,47282.9448
2022-01-22,36462.8,36810.6,34040.0,35074.9,42055.9274
2022-01-23,35072.0,36509.9,34637.2,36266.9,21523.9962
2022-01-24,36263.5,37518.6,32959.5,36685.6,40669.2504
2022-01-25,36686.0,37521.3,35716.0,36958.8,17955.3321
2022-01-26,36964.6,38894.8,36266.3,36808.8,25165.6017
2022-01-27,36818.8,37218.2,35529.9,37183.8,27534.3434
2022-01-28,37186.9,38000.0,36171.1,37735.0,16467.892
2022-01-29,37736.2,38722.7,37336.5,38168.3,8553.6731
2022-01-30,38177.0,38344.1,37370.0,37915.7,6558.7279
2022-01-31,37912.2,38741.1,36658.7,38477.2,11495.7654
2022-02-01,38479.7,39253.7,38023.3,38718.1,12250.3838
2022-02-02,38708.7,38871.7,36622.7,36900.8,10156.3099
2022-02-03,36902.9,37356.8,36258.7,37287.0,9060.1062
2022-02-04,37313.3,41702.4,37045.4,41555.6,16487.9182
2022-02-05,41559.2,41921.5,40964.1,41401.2,7770.3982
2022-02-06,41403.6,42672.0,41136.5,42400.4,5125.3564
2022-02-07,42393.3,44495.9,41674.8,43841.1,14155.8352
2022-02-08,43843.8,45477.2,42694.0,44061.2,15647.6139
2022-02-09,44055.1,44799.9,43157.3,44390.0,10406.246
2022-02-10,44399.4,45831.3,43201.6,43515.4,16834.4419
2022-02-11,43507.3,43938.3,42000.2,42386.6,13021.6177
2022-02-12,42389.7,43003.5,41769.5,42226.7,7681.6803
2022-02-13,42224.3,42749.6,41896.0,42060.5,5183.7813
2022-02-14,42064.7,42830.6,41574.0,42550.0,9530.8208
2022-02-15,42534.9,44761.6,42458.8,44558.4,10465.0998
2022-02-16,44563.0,44572.1,43346.9,43887.1,7068.4291
2022-02-17,43883.4,44162.0,40077.5,40535.2,13795.1976
2022-02-18,40527.3,40963.4,39469.5,40007.3,12003.3847
2022-02-19,40003.8,40447.7,39666.1,40087.8,5269.6548
2022-02-20,40086.3,40130.1,38027.1,38378.0,9268.6628
2022-02-21,38379.1,39471.5,36818.1,37010.2,24378.0125
2022-02-22,37020.8,38429.9,36361.1,38252.3,22411.8281
2022-02-23,38253.4,39235.8,37086.1,37254.7,18731.3227
2022-02-24,37251.1,39684.0,34334.1,38335.4,62626.3986
2022-02-25,38340.8,39689.9,38034.5,39228.5,27605.2207
2022-02-26,39228.1,40265.9,38596.0,39110.5,12527.8073
2022-02-27,39122.2,39851.7,37030.5,37696.8,21605.9059
2022-02-28,37697.2,44193.0,37460.0,43183.5,37959.0473
2022-03-01,43180.5,44958.8,42856.8,44428.8,28740.5667
2022-03-02,44431.7,45313.4,43348.3,43912.6,23456.242
2022-03-03,43907.5,44095.8,41835.8,42460.8,20467.2565
2022-03-04,42459.0,42530.7,38566.5,39147.7,26906.5995
2022-03-05,39147.8,39605.4,38608.4,39401.2,12194.1363
2022-03-06,39399.0,39685.8,38122.9,38417.7,16416.2237
2022-03-07,38410.9,39537.0,37164.0,38013.6,26653.7417
2022-03-08,38003.0,39363.3,37876.4,38739.5,23097.6106
2022-03-09,38737.9,42579.5,38657.9,41953.9,27437.1346
2022-03-10,41950.7,42030.0,38587.8,39429.8,29716.4836
2022-03-11,39432.3,40234.0,38250.1,38738.0,23738.5196
2022-03-12,38739.0,39398.2,38667.8,38811.0,9573.0187
2022-03-13,38813.2,39310.3,37594.7,37773.3,11679.8871
2022-03-14,37785.4,39912.5,37576.0,39676.9,17553.6948
2022-03-15,39672.0,39860.5,38189.4,39294.9,17207.4849
2022-03-16,39291.9,41696.6,38924.0,41127.8,35525.5137
2022-03-17,41123.0,41446.0,40528.9,40930.7,15466.2726
2022-03-18,40933.9,42339.9,40200.0,41776.2,16505.2976
2022-03-19,41768.1,42387.6,41530.8,42226.6,10902.3844
2022-03-20,42230.9,42294.7,40923.6,41261.0,12170.0838
2022-03-21,41266.1,41533.3,40508.6,41022.5,17054.7924
2022-03-22,41020.2,43325.7,40900.1,42368.7,25094.6259
2022-03-23,42374.3,43000.0,41789.7,42901.9,17381.2062
2022-03-24,42895.1,44225.0,42652.4,44007.7,23266.7995
2022-03-25,44001.4,45079.5,43614.5,44326.2,20404.7736
2022-03-26,44316.4,44803.3,44083.0,44527.0,7638.0577
2022-03-27,44522.5,46928.9,44439.6,46841.5,17617.0456
2022-03-28,46837.2,48190.9,46665.8,47130.8,24697.8848
2022-03-29,47132.2,48099.6,46975.9,47441.9,17651.1307
2022-03-30,47447.1,47702.9,46589.6,47062.4,17004.3306
2022-03-31,47065.9,47611.4,45215.7,45521.3,18389.7169
2022-04-01,45509.9,46698.7,44238.1,46288.8,22945.9003
2022-04-02,46292.5,47208.3,45630.4,45820.6,16550.1688
2022-04-03,45820.2,47426.1,45556.5,46421.3,15123.1355
2022-04-04,46411.8,46891.3,45128.9,46591.5,20352.2884
2022-04-05,46593.0,47195.5,45383.8,45503.9,19782.206
2022-04-06,45506.3,45515.3,43110.3,43182.1,30243.5369
2022-04-07,43181.8,43894.1,42738.5,43462.8,17846.1103
2022-04-08,43455.7,43976.6,42109.3,42282.3,16758.3162
2022-04-09,42272.5,42803.3,42126.3,42754.0,6001.5152
2022-04-10,42766.5,43420.7,41889.7,42139.9,8157.1492
2022-04-11,42153.6,42413.6,39209.5,39525.1,23300.0197
2022-04-12,39525.3,40668.9,39266.4,40079.5,21053.8279
2022-04-13,40082.3,41541.5,39600.0,41139.7,14271.906
2022-04-14,41140.1,41493.7,39576.3,39944.9,15677.6994
2022-04-15,39952.0,40829.7,39780.8,40557.7,9317.2081
2022-04-16,40551.6,40694.4,40012.3,40383.7,8211.0666
2022-04-17,40383.7,40595.1,39651.4,39728.8,8108.6471
2022-04-18,39728.8,41075.4,38575.0,40804.9,29257.9859
2022-04-19,40797.9,41735.1,40581.7,41493.4,16881.2287
2022-04-20,41490.7,42197.6,40910.1,41361.0,21905.7018
2022-04-21,41361.1,42962.4,39790.5,40489.2,33816.204
2022-04-22,40483.0,40789.4,39190.2,39712.2,24751.5477
2022-04-23,39709.3,39972.5,39292.6,39426.6,8343.8238
2022-04-24,39449.9,39940.8,39000.0,39473.3,10876.0145
2022-04-25,39478.9,40593.9,38219.7,40427.1,32577.1704
2022-04-26,40434.3,40789.7,37714.2,38121.8,31659.1378
2022-04-27,38121.1,39468.4,37884.4,39241.1,27729.2767
2022-04-28,39243.3,40374.2,38888.1,39745.5,26150.31
2022-04-29,39748.5,39922.3,38180.7,38593.2,23507.0036
2022-04-30,38593.0,38782.5,37600.4,37643.8,12695.9365
2022-05-01,37649.8,38659.2,37397.1,38476.7,16477.8965
2022-05-02,38476.8,39158.0,38062.6,38523.5,24249.7951
2022-05-03,38526.6,38645.3,37530.3,37722.6,19688.6933
2022-05-04,37725.3,40000.3,37664.3,39691.3,28435.5839
2022-05-05,39692.1,39825.5,35613.9,36552.8,39323.2599
2022-05-06,36545.4,36661.1,35276.9,36012.6,33584.429
2022-05-07,36015.6,36135.4,34802.6,35472.8,12423.4484
2022-05-08,35471.0,35508.6,33700.2,34037.3,25846.6107
2022-05-09,34034.1,34233.0,30045.6,30092.0,79815.3697
2022-05-10,30094.6,32644.3,29753.5,31009.5,74322.9741
2022-05-11,31012.5,32145.0,27776.8,29070.1,119880.2953
2022-05-12,29070.1,30140.6,26708.2,29021.7,92753.9832
2022-05-13,29031.0,31039.7,28755.5,29290.2,37362.7347
2022-05-14,29296.3,30330.5,28644.9,30092.7,20285.229
2022-05-15,30081.4,31444.7,29496.4,31328.5,21410.7013
2022-05-16,31331.0,31331.7,29100.3,29868.8,38087.7225
2022-05-17,29868.6,30783.6,29455.8,30450.6,36384.9859
2022-05-18,30443.9,30699.1,28661.1,28714.2,40289.0259
2022-05-19,28707.7,30534.8,28684.2,30317.4,67733.7646
2022-05-20,30316.1,30771.8,28730.8,29205.3,63125.4034
2022-05-21,29202.1,29645.0,28954.7,29441.2,21074.9924
2022-05-22,29441.3,30479.3,29261.9,30291.4,28602.5636
2022-05-23,30296.4,30662.0,28875.1,29110.5,53605.2113
2022-05-24,29109.0,29837.4,28680.7,29659.8,43486.0048
2022-05-25,29661.5,30217.7,29345.7,29543.3,47414.1377
2022-05-26,29543.8,29874.8,28028.2,29216.7,75293.2957
2022-05-27,29207.3,29388.0,28284.8,28624.1,96363.3571
2022-05-28,28632.2,29252.9,28528.9,29030.5,26742.7677
2022-05-29,29026.1,29585.0,28842.5,29464.9,17146.6996
2022-05-30,29468.7,32199.4,29310.2,31732.6,66554.5287
2022-05-31,31730.1,32392.2,31240.1,31794.3,59963.4162
2022-06-01,31795.9,31983.5,29330.8,29796.7,88395.627
2022-06-02,29803.4,30687.7,29596.4,30454.3,61621.5591
2022-06-03,30454.3,30692.1,29310.4,29698.5,45465.1006
2022-06-04,29702.5,29970.0,29492.1,29869.8,18033.9343
2022-06-05,29869.9,30182.3,29536.7,29918.8,17346.734
2022-06-06,29919.3,31761.9,29886.4,31363.2,65176.257
2022-06-07,31367.2,31574.2,29227.6,31124.9,101252.9247
2022-06-08,31127.5,31322.8,29860.2,30202.6,80099.5876
2022-06-09,30204.5,30686.0,29948.0,30108.5,50643.063
2022-06-10,30106.7,30354.9,28866.1,29091.3,67012.64
2022-06-11,29094.2,29436.1,28107.0,28402.9,68742.2956
2022-06-12,28411.1,28536.8,26553.1,26584.7,93224.705
2022-06-13,26577.4,26867.6,21940.9,22483.6,212656.5305
2022-06-14,22474.0,23293.0,20845.4,22123.3,181935.9568
2022-06-15,22127.3,22759.0,20100.9,22573.1,218200.6124
2022-06-16,22572.8,22958.0,20221.2,20390.3,111741.7302
2022-06-17,20386.8,21336.2,20234.4,20458.2,87770.1054
2022-06-18,20457.4,20759.4,17617.1,18966.3,113918.4783
2022-06-19,18962.4,20791.1,17958.6,20566.8,72199.4977
2022-06-20,20565.6,21048.6,19635.2,20566.0,66310.7435
2022-06-21,20566.1,21694.9,20356.2,20716.1,61726.446
2022-06-22,20716.1,20870.8,19764.5,19972.3,60354.5752
2022-06-23,19972.7,21212.3,19887.6,21097.7,48306.0453
2022-06-24,21099.0,21529.5,20746.1,21226.9,57956.8286
2022-06-25,21225.7,21589.5,20911.4,21480.7,35527.9259
2022-06-26,21485.7,21866.0,20971.9,21038.8,28857.9661
2022-06-27,21038.0,21595.0,20510.4,20723.6,36435.7341
2022-06-28,20727.1,21189.3,20200.0,20269.5,44946.4509
2022-06-29,20271.3,20409.0,19856.9,20101.9,55650.8415
2022-06-30,20102.8,20142.1,18500.0,19945.8,67752.2726
2022-07-01,19948.2,20872.9,18981.6,19265.0,74519.3821
2022-07-02,19265.0,19425.7,18980.6,19238.0,38856.2356
2022-07-03,19238.0,19643.7,18787.5,19315.4,28844.6372
2022-07-04,19315.6,20328.8,19058.1,20230.9,47137.9429
2022-07-05,20229.6,20735.6,19307.0,20175.0,79822.8377
2022-07-06,20179.1,20665.0,19766.7,20560.4,48499.0091
2022-07-07,20561.0,21823.0,20267.2,21625.9,46038.9525
2022-07-08,21624.2,22500.0,21200.0,21601.6,109033.4185
2022-07-09,21599.1,21961.7,21326.7,21589.6,28174.6197
2022-07-10,21589.6,21600.8,20665.1,20848.4,50463.2925
2022-07-11,20857.9,20859.7,19885.0,19961.4,49705.7763
2022-07-12,19961.2,20050.0,19251.1,19328.4,63136.5429
2022-07-13,19328.5,20338.8,18923.2,20235.1,147220.0981
2022-07-14,20235.1,20886.0,19636.2,20589.5,83400.4871
2022-07-15,20588.9,21190.0,20386.1,20833.5,69554.0071
2022-07-16,20833.4,21574.0,20484.5,21199.9,107268.451
2022-07-17,21199.7,21667.4,20757.1,20789.0,15831.7432
2022-07-18,20798.5,22740.0,20769.1,22448.6,150299.8738
2022-07-19,22448.6,23795.3,21584.8,23403.6,133042.8022
2022-07-20,23397.5,24265.7,22927.2,23223.0,181775.59
2022-07-21,23223.0,23421.9,22348.8,23150.7,90677.901
2022-07-22,23151.8,23747.7,22510.9,22683.0,95234.1938
2022-07-23,22683.1,22994.6,21952.0,22456.8,47997.9171
2022-07-24,22449.7,23003.1,22272.1,22582.2,59513.9373
2022-07-25,22582.1,22662.4,21263.9,21299.6,85755.9577
2022-07-26,21307.2,21343.5,20727.3,21250.0,70728.8428
2022-07-27,21251.2,23097.0,21046.1,22956.0,100834.8112
2022-07-28,22956.1,24191.0,22595.5,23853.3,89796.5461
2022-07-29,23846.6,24422.3,23438.5,23772.8,87511.3778
2022-07-30,23774.4,24658.0,23516.5,23640.2,49234.5723
2022-07-31,23641.3,24187.2,23237.4,23299.5,51029.253
2022-08-01,23299.5,23495.6,22858.6,23266.7,44658.3493
2022-08-02,23266.9,23450.0,22660.6,22983.7,68546.4142
2022-08-03,22985.1,23630.5,22692.1,22820.9,41714.7004
2022-08-04,22820.5,23218.4,22403.0,22617.7,60403.2742
2022-08-05,22619.4,23459.6,22590.7,23310.0,91227.8375
2022-08-06,23310.8,23348.3,22919.2,22951.2,29484.1012
2022-08-07,22951.2,23395.8,22853.5,23176.0,35665.4884
2022-08-08,23175.8,24239.1,23160.0,23815.1,69633.5861
2022-08-09,23814.1,23918.5,22875.2,23150.1,56470.3688
2022-08-10,23149.9,24214.0,22669.0,23956.9,116523.4578
2022-08-11,23955.3,24897.8,23862.9,23936.1,123095.6244
2022-08-12,23936.1,24447.7,23600.0,24398.2,70462.1608
2022-08-13,24401.3,24884.1,24300.7,24441.7,54678.1552
2022-08-14,24441.9,25024.1,24152.6,24304.4,55821.1441
2022-08-15,24305.7,25205.8,23781.7,24099.9,91966.9095
2022-08-16,24099.6,24241.5,23680.0,23856.4,57428.2993
2022-08-17,23856.2,24432.9,23186.2,23336.7,92003.2595
2022-08-18,23338.1,23590.8,23120.0,23201.1,47330.2667
2022-08-19,23198.2,23203.7,20795.1,20830.9,213427.8236
2022-08-20,20834.2,21358.9,20768.7,21139.3,75218.804
2022-08-21,21139.5,21760.0,21075.1,21516.0,75851.0901
2022-08-22,21516.1,21526.5,20902.4,21399.7,73037.941
2022-08-23,21399.7,21675.0,20902.0,21523.3,94476.2361
2022-08-24,21524.0,21886.8,21156.8,21365.4,65011.7711
2022-08-25,21365.9,21810.0,21312.5,21567.5,68107.2144
2022-08-26,21566.6,21865.1,20121.4,20243.1,177643.9398
2022-08-27,20243.3,20349.9,19819.9,20037.6,71318.9391
2022-08-28,20037.6,20152.6,19525.9,19558.3,73346.6909
2022-08-29,19556.8,20402.0,19554.3,20292.0,85698.995
2022-08-30,20291.2,20560.0,19550.0,19807.4,154674.6029
2022-08-31,19807.7,22012.8,18739.0,20051.8,93118.327
2022-09-01,20051.7,20200.0,19575.9,20131.0,89186.9786
2022-09-02,20131.5,20436.9,19768.3,19952.3,73785.1487
2022-09-03,19951.6,20048.4,19653.9,19825.7,41632.5075
2022-09-04,19825.4,20018.9,19600.0,20003.3,57931.3998
2022-09-05,20003.5,20054.2,19650.0,19793.1,71745.1546
2022-09-06,19794.1,20179.7,18662.6,18791.6,141422.0746
2022-09-07,18791.9,19457.3,18542.7,19290.3,71107.4609
2022-09-08,19290.7,19452.7,19032.2,19318.9,96952.2006
2022-09-09,19318.2,21593.5,19295.2,21369.8,78598.5107
2022-09-10,21369.8,21798.0,21126.6,21659.2,64091.3231
2022-09-11,21659.6,21840.0,21359.4,21834.7,59658.6483
2022-09-12,21829.2,22479.3,21565.3,22398.0,108749.4969
2022-09-13,22396.8,22777.1,19893.0,20170.8,104131.8469
2022-09-14,20171.8,20509.8,19622.1,20227.6,50610.2374
2022-09-15,20226.1,20321.0,19503.4,19701.2,78613.4882
2022-09-16,19698.9,19883.1,19341.1,19799.9,97184.9422
2022-09-17,19800.0,20181.2,19761.0,20113.1,80476.5259
2022-09-18,20113.1,20113.1,19345.7,19419.1,116454.8321
2022-09-19,19419.1,19677.2,18267.1,19535.3,182499.6502
2022-09-20,19535.3,19629.2,18742.3,18876.1,189920.576
2022-09-21,18876.0,19909.4,18169.6,18462.2,274194.0514
2022-09-22,18462.0,19500.2,18361.9,19404.3,180703.8253
2022-09-23,19400.7,19493.0,18537.3,19292.7,180716.9016
2022-09-24,19292.7,19307.0,18810.9,18924.3,103677.5701
2022-09-25,18924.3,19171.0,18636.6,18802.1,84202.8812
2022-09-26,18802.1,19303.0,18691.8,19224.6,163202.0841
2022-09-27,19224.6,20365.3,18825.3,19080.0,479447.2472
2022-09-28,19080.3,19768.8,18488.1,19408.3,273265.2419
2022-09-29,19408.3,19633.4,18855.5,19590.5,255745.273
2022-09-30,19591.2,20170.0,19180.0,19421.1,376694.6589
2022-10-01,19421.1,19475.9,19178.4,19310.6,111486.3204
2022-10-02,19309.9,19389.1,18928.8,19052.5,161214.799
2022-10-03,19052.5,19702.4,18968.2,19624.6,170631.4766
2022-10-04,19624.6,20439.6,19502.0,20336.8,248418.5455
2022-10-05,20336.8,20357.2,19747.7,20157.1,146593.2898
2022-10-06,20157.1,20439.1,19860.6,19956.0,241252.5437
2022-10-07,19956.0,20050.5,19333.0,19534.1,234354.6649
2022-10-08,19534.1,19621.9,19250.9,19414.1,110620.0714
2022-10-09,19414.1,19550.9,19328.0,19441.5,120020.7544
2022-10-10,19441.5,19519.7,19034.9,19133.3,204984.317
2022-10-11,19133.3,19259.3,18867.5,19057.1,138888.4662
2022-10-12,19057.1,19233.1,18984.8,19154.1,253993.8814
2022-10-13,19154.1,19503.4,18196.0,19379.4,364477.9365
2022-10-14,19379.4,19943.3,19088.8,19180.6,271195.9835
2022-10-15,19180.6,19217.1,18985.8,19069.2,170824.2418
2022-10-16,19069.2,19417.1,19064.8,19265.9,203555.8137
2022-10-17,19265.9,19673.9,19159.8,19548.0,263679.072
2022-10-18,19547.4,19699.1,19101.3,19328.3,227731.0588
2022-10-19,19328.3,19352.6,19076.7,19123.8,84435.3199
2022-10-20,19123.8,19333.1,18907.8,19045.5,146664.0428
2022-10-21,19045.5,19242.0,18662.8,19160.4,350632.2325
2022-10-22,19162.3,19248.9,19117.1,19201.5,41250.7896
2022-10-23,19201.6,19693.2,19073.8,19573.6,100784.2936
2022-10-24,19573.6,19598.5,19163.0,19326.3,80289.5001
2022-10-25,19327.4,20416.5,19240.0,20088.9,240312.4221
2022-10-26,20089.6,21023.5,20060.6,20777.7,185762.6934
2022-10-27,20777.4,20877.2,20204.7,20294.4,138409.2765
2022-10-28,20294.0,20745.6,20015.7,20596.1,89227.3994
2022-10-29,20595.3,21077.8,20562.7,20816.5,140878.8251
2022-10-30,20816.5,20934.8,20517.6,20627.0,54410.53
2022-10-31,20628.2,20835.5,20242.7,20488.3,122645.6381
2022-11-01,20487.9,20685.5,20333.3,20479.2,67900.4024
2022-11-02,20480.0,20797.5,20059.4,20148.2,224850.6741
2022-11-03,20148.2,20386.3,20038.0,20206.0,63326.0769
2022-11-04,20204.0,21303.5,20179.6,21155.0,201100.0051
2022-11-05,21154.5,21484.5,21095.1,21309.0,54167.5996
2022-11-06,21311.0,21370.4,20888.5,20907.0,69169.3113
2022-11-07,20906.5,21063.5,20385.0,20584.0,135874.1171
2022-11-08,20583.0,20674.0,16995.0,18536.0,566548.4789
2022-11-09,18535.5,18575.0,15570.5,15909.0,857422.864
2022-11-10,15913.0,18169.5,15755.0,17596.0,582398.0863
2022-11-11,17596.0,17681.5,16364.0,17045.5,359806.9571
2022-11-12,17045.5,17107.0,16631.0,16801.5,173813.5508
2022-11-13,16807.0,16950.0,16247.0,16328.0,189852.5669
2022-11-14,16328.0,17171.0,15815.5,16618.5,398541.8834
2022-11-15,16618.5,17111.5,16526.0,16895.5,166160.5351
2022-11-16,16896.0,16999.0,16385.5,16653.5,209060.6939
2022-11-17,16652.0,16740.0,16411.0,16693.0,113885.4567
2022-11-18,16693.0,16983.8,16546.0,16693.5,146046.785
2022-11-19,16693.0,16810.5,16554.5,16698.0,54123.0627
2022-11-20,16697.5,16746.0,16184.0,16277.5,144302.21
2022-11-21,16277.0,16289.5,15484.0,15772.5,275106.6854
2022-11-22,15773.0,16297.0,15612.0,16220.0,193201.4979
2022-11-23,16220.0,16696.0,16162.0,16611.5,160608.8064
2022-11-24,16610.5,16803.0,16470.0,16604.5,105863.5421
2022-11-25,16604.0,16622.0,16352.0,16524.0,123060.7253
2022-11-26,16523.0,16700.0,16390.5,16459.5,81007.5419
2022-11-27,16459.5,16595.0,16406.0,16425.5,87317.3785
2022-11-28,16425.0,16480.0,15997.5,16209.0,234049.2758
2022-11-29,16209.5,16540.0,16097.0,16437.0,145466.2795
2022-11-30,16439.0,17239.5,16428.0,17166.0,238536.9933
2022-12-01,17165.5,17299.0,16865.0,16974.0,380317.2617
2022-12-02,16973.0,17098.0,16793.5,17091.5,199956.0967
2022-12-03,17091.5,17145.5,16860.5,16884.0,144790.7044
2022-12-04,16883.5,17192.0,16878.5,17108.5,229785.3641
2022-12-05,17108.0,17412.0,16873.0,16963.5,303814.9399
2022-12-06,16963.5,17105.0,16912.5,17088.5,138918.7401
2022-12-07,17088.0,17135.0,16696.5,16838.0,269935.8455
2022-12-08,16839.0,17300.0,16744.0,17231.0,150842.0826
2022-12-09,17231.5,17348.0,17077.5,17133.0,126373.6795
2022-12-10,17132.5,17230.0,17109.5,17133.5,75521.6451
2022-12-11,17133.0,17272.0,17080.5,17094.5,103963.4497
2022-12-12,17091.0,17243.0,16880.0,17214.0,107544.2514
2022-12-13,17214.0,17952.6,17092.5,17780.0,333258.8343
2022-12-14,17780.0,18375.0,17678.5,17810.5,206560.2307
2022-12-15,17811.0,17858.0,17289.0,17360.0,159000.8545
2022-12-16,17360.0,17527.5,16532.0,16627.0,444693.8648
2022-12-17,16628.5,16790.0,16582.0,16774.0,82798.7864
2022-12-18,16774.0,16839.5,16664.5,16736.0,181244.6254
2022-12-19,16736.0,16810.0,16269.5,16436.0,237231.251
2022-12-20,16435.0,17044.0,16395.0,16892.0,709078.055
2022-12-21,16892.5,16917.0,16728.5,16824.0,232447.5973
2022-12-22,16825.5,16863.5,16561.0,16816.5,401850.9631
2022-12-23,16818.0,16943.5,16750.5,16776.0,371705.6225
2022-12-24,16776.0,16858.5,16775.5,16836.5,142950.8916
2022-12-25,16836.0,16855.5,16726.0,16829.5,226544.5242
2022-12-26,16830.0,16941.5,16791.5,16912.5,165993.5948
2022-12-27,16915.0,16961.5,16600.5,16698.0,183872.7617
2022-12-28,16699.0,16778.5,16464.0,16543.0,161442.0606
2022-12-29,16542.5,16661.5,16485.5,16636.0,86760.1764
2022-12-30,16633.5,16648.5,16336.0,16606.5,212286.0926
2022-12-31,16606.0,16636.0,16470.0,16539.0,112608.2704
2023-01-01,16539.5,16626.0,16497.0,16615.0,106777.8606
2023-01-02,16616.0,16789.0,16548.0,16663.5,136684.9704
2023-01-03,16663.5,16768.5,16596.0,16667.0,145265.5193
2023-01-04,16667.5,16981.5,16646.5,16843.5,357486.1786
2023-01-05,16844.5,16876.0,16755.0,16828.5,81472.7729
2023-01-06,16829.0,17032.5,16677.0,16948.0,245295.8333
2023-01-07,16946.5,16978.0,16904.5,16941.0,53978.5133
2023-01-08,16940.0,17168.0,16907.5,17125.0,169605.9135
2023-01-09,17127.0,17405.0,17103.5,17185.5,106353.7494
2023-01-10,17185.0,17500.0,17153.5,17450.0,208497.0927
2023-01-11,17450.5,18005.0,17327.0,17953.5,306703.456
2023-01-12,17952.0,19104.0,17918.5,18852.5,408853.5992
2023-01-13,18852.5,19999.0,18721.0,19933.5,259451.7267
2023-01-14,19935.0,21242.3,19894.0,20953.0,230447.1028
2023-01-15,20953.5,21048.0,20560.0,20872.5,157195.086
2023-01-16,20871.0,21472.5,20630.0,21189.0,402859.4531
2023-01-17,21190.0,21605.0,20852.5,21133.5,383588.0055
2023-01-18,21132.0,21647.0,20415.7,20678.0,848203.3874
2023-01-19,20678.0,21189.0,20664.0,21076.5,139731.0697
2023-01-20,21076.5,22750.0,20866.0,22668.5,427932.7654
2023-01-21,22668.0,23362.5,22433.0,22783.5,294846.1708
2023-01-22,22784.0,23077.0,22305.5,22706.5,572587.9828
2023-01-23,22706.5,23167.5,22514.5,22917.5,505208.8408
2023-01-24,22917.0,23161.0,22460.0,22631.0,361025.0134
2023-01-25,22632.0,23810.0,22333.0,23057.0,386996.8756
2023-01-26,23060.5,23281.0,22853.5,23006.0,240233.028
2023-01-27,23008.0,23492.5,22545.0,23070.5,324509.6998
2023-01-28,23070.0,23183.5,22880.0,23019.0,192436.7651
2023-01-29,23019.0,23959.5,22968.0,23742.0,371481.5671
2023-01-30,23742.5,23798.0,22500.0,22822.5,264531.8404
2023-01-31,22823.0,23303.5,22715.5,23126.5,261265.8128
2023-02-01,23125.5,23798.5,22765.0,23728.0,87399.8631
2023-02-02,23728.0,24246.0,23371.0,23482.5,226501.445
2023-02-03,23482.0,23701.6,23200.0,23423.5,109203.2003
2023-02-04,23423.5,23577.0,23249.5,23319.0,116801.9267
2023-02-05,23319.0,23420.0,22744.0,22927.0,211451.5084
2023-02-06,22930.0,23144.5,22628.5,22758.0,166047.9867
2023-02-07,22757.5,23343.0,22741.5,23237.0,272984.5596
2023-02-08,23236.5,23440.0,22664.5,22954.0,247563.0458
2023-02-09,22955.5,23000.0,21690.5,21789.5,134139.9404
2023-02-10,21792.0,21937.0,21460.0,21628.0,479252.9336
2023-02-11,21627.5,21900.0,21602.0,21860.0,319238.2101
2023-02-12,21860.0,22088.5,21635.0,21784.0,242875.7263
2023-02-13,21786.0,21895.0,21355.0,21771.5,245244.2269
2023-02-14,21771.5,22317.0,21542.0,22204.0,199008.5797
2023-02-15,22203.5,24368.5,22052.0,24321.5,483190.5996
2023-02-16,24320.0,25245.0,23512.0,23516.5,125492.2135
2023-02-17,23516.0,25017.0,23350.0,24578.0,328775.3969
2023-02-18,24578.0,24871.5,24436.0,24631.0,61344.3209
2023-02-19,24631.0,25183.0,24198.5,24274.5,307962.9658
2023-02-20,24273.0,25116.5,23838.0,24846.0,162289.0432
2023-02-21,24845.5,25239.0,24149.0,24442.5,242228.6343
2023-02-22,24444.0,24467.0,23574.5,24178.5,120717.5345
2023-02-23,24180.0,24599.0,23610.0,23936.5,227066.8855
2023-02-24,23936.5,24122.0,22838.0,23171.5,117278.3182
2023-02-25,23171.5,23206.3,22740.5,23146.5,98894.8482
2023-02-26,23147.0,23678.0,23052.0,23547.0,108812.6203
2023-02-27,23547.5,23890.0,23107.5,23487.5,457496.2248
2023-02-28,23487.5,23598.0,23015.5,23125.0,518336.6151
2023-03-01,23128.0,23999.0,23012.0,23624.0,425169.5174
2023-03-02,23624.0,23786.5,23188.0,23457.5,249888.2142
2023-03-03,23458.0,23469.5,21976.5,22348.0,74927.4199
2023-03-04,22348.0,22400.0,22150.0,22338.0,47604.2795
2023-03-05,22337.5,22650.0,22198.5,22431.5,80210.7351
2023-03-06,22431.0,22593.0,22260.0,22411.0,153591.0826
2023-03-07,22412.0,22560.0,21928.0,22191.5,311033.4521
2023-03-08,22191.5,22277.0,21583.0,21697.0,99404.7271
2023-03-09,21698.0,21824.5,20039.5,20353.5,308045.492
2023-03-10,20355.0,20359.5,19551.0,20149.0,478678.0601
2023-03-11,20148.5,20680.0,19764.0,20458.0,205070.6678
2023-03-12,20455.5,22135.5,20274.5,21996.5,357601.6779
2023-03-13,21997.5,24498.0,21823.0,24113.5,429719.7133
2023-03-14,24115.5,26365.0,23980.5,24670.0,379504.9368
2023-03-15,24669.0,25166.5,23897.0,24283.0,437607.5805
2023-03-16,24281.5,25160.0,24125.5,25001.0,162672.879
2023-03-17,24996.0,27757.5,24891.0,27401.0,484027.752
2023-03-18,27399.0,27719.5,26590.0,26917.5,208873.0512
2023-03-19,26915.5,28394.0,26836.5,27975.5,687701.6769
2023-03-20,27979.5,28476.0,27144.0,27730.5,262307.3523
2023-03-21,27726.5,28449.0,27317.5,28117.5,461922.1938
2023-03-22,28117.0,28876.5,26618.5,27261.0,312612.1247
2023-03-23,27261.0,28754.5,27126.0,28306.0,79325.7937
2023-03-24,28306.0,28385.5,27005.0,27458.5,194489.5187
2023-03-25,27462.5,27790.5,27160.0,27467.5,23899.1044
2023-03-26,27467.0,28194.5,27421.5,27975.0,31593.842
2023-03-27,27975.5,28030.0,26508.5,27126.5,65520.8959
2023-03-28,27126.5,27518.0,26630.5,27267.0,63067.0917
2023-03-29,27267.0,28651.5,27246.5,28356.0,65114.746
2023-03-30,28356.0,29185.5,27691.5,28032.0,80194.0432
2023-03-31,28032.0,28661.0,27514.5,28469.0,59465.7086
2023-04-01,28469.0,28821.0,28241.0,28456.5,31695.6777
2023-04-02,28456.5,28530.0,27858.0,28172.5,29682.8968
2023-04-03,28172.5,28503.0,27220.5,27802.5,71533.3532
2023-04-04,27802.5,28444.0,27667.0,28167.5,39867.9511
2023-04-05,28167.5,28774.5,27810.0,28168.5,42497.3893
2023-04-06,28168.5,28178.5,27708.0,28031.5,35448.1864
2023-04-07,28031.5,28098.5,27770.0,27902.0,18030.3426
2023-04-08,27902.0,28150.0,27856.0,27935.0,15516.5619
2023-04-09,27935.0,28529.0,27793.0,28322.5,27158.9626
2023-04-10,28322.5,29764.5,28170.5,29638.5,65514.4839
2023-04-11,29638.5,30547.0,29591.5,30202.5,56476.9252
2023-04-12,30202.5,30479.0,29652.5,29885.0,51573.1064
2023-04-13,29885.0,30592.5,29852.0,30375.0,39861.5175
2023-04-14,30375.0,31006.0,29973.5,30464.5,56587.2953
2023-04-15,30464.5,30594.0,30202.0,30292.5,17907.9865
2023-04-16,30292.5,30546.0,30116.5,30304.0,20904.526
2023-04-17,30304.0,30313.0,29237.5,29421.5,39542.6959
2023-04-18,29421.5,30479.0,29097.0,30376.0,55657.2466
2023-04-19,30376.0,30404.5,28569.5,28797.0,71845.0936
2023-04-20,28797.0,29078.0,27995.0,28228.0,56246.3442
2023-04-21,28228.0,28359.5,27130.5,27255.0,58960.5277
2023-04-22,27255.0,27868.0,27133.0,27803.5,28639.8227
2023-04-23,27803.5,27806.5,27311.5,27579.0,30856.7411
2023-04-24,27579.0,27979.5,26956.5,27499.0,50649.1306
2023-04-25,27499.0,28385.0,27181.5,28299.0,46300.2279
2023-04-26,28299.0,30016.5,27237.5,28412.5,108069.237
2023-04-27,28412.5,29887.0,28376.0,29471.0,81474.7851
2023-04-28,29471.0,29592.0,28894.0,29307.5,44125.0257
2023-04-29,29307.5,29441.5,29035.0,29226.0,19162.1418
2023-04-30,29226.0,29957.0,29085.5,29220.5,35284.3318
2023-05-01,29220.5,29331.5,27653.0,28054.0,63020.3231
2023-05-02,28054.0,28880.5,27862.0,28668.5,48234.153
2023-05-03,28668.5,29266.0,28113.0,29027.5,61873.447
2023-05-04,29027.5,29380.0,28669.5,28839.0,40266.0888
2023-05-05,28839.0,29675.5,28812.5,29512.0,55397.4019
2023-05-06,29512.0,29826.5,28352.5,28842.0,46570.0958
2023-05-07,28842.0,29129.5,28391.0,28422.5,34193.5593
2023-05-08,28422.5,28623.0,27256.5,27658.0,73696.6501
2023-05-09,27658.0,27805.0,27344.1,27618.9,41152.7338
2023-05-10,27618.9,28307.6,26782.8,27596.4,75589.7135
2023-05-11,27596.4,27624.3,26702.6,26967.2,59669.7308
2023-05-12,26967.2,27108.6,25810.2,26785.5,74395.4064
2023-05-13,26785.5,27037.2,26683.1,26767.4,26828.5057
2023-05-14,26767.4,27194.0,26563.5,26916.0,27022.0834
2023-05-15,26916.0,27680.0,26736.9,27161.5,49369.8257
2023-05-16,27161.5,27295.5,26851.8,27031.7,36327.0838
2023-05-17,27031.7,27490.1,26549.5,27403.8,45965.3437
2023-05-18,27403.8,27482.9,26362.1,26811.3,49296.5402
2023-05-19,26811.3,27169.7,26629.8,26874.0,34526.6054
2023-05-20,26874.1,27144.7,26821.1,27101.0,14687.7603
2023-05-21,27101.0,27274.9,26660.3,26744.9,23022.8147
2023-05-22,26744.9,27096.9,26535.0,26846.5,33718.5536
2023-05-23,26846.5,27492.0,26795.4,27215.5,40671.7299
2023-05-24,27215.5,27215.8,26065.2,26321.0,58026.7468
2023-05-25,26320.2,26618.3,25862.6,26462.4,35149.4767
2023-05-26,26462.4,26936.5,26317.2,26703.6,34495.0545
2023-05-27,26703.3,26889.0,26534.7,26852.9,14347.4901
2023-05-28,26852.9,28266.9,26765.4,28073.9,42694.9914
2023-05-29,28073.9,28456.8,27531.0,27740.4,36179.977
2023-05-30,27740.4,28046.2,27562.5,27702.7,28150.1198
2023-05-31,27702.7,27843.7,26835.6,27203.7,26855.1196
2023-06-01,27203.7,27335.2,26607.8,26810.7,36988.887
2023-06-02,26810.7,27290.0,26504.0,27240.1,37460.7708
2023-06-03,27240.1,27320.4,26918.2,27067.5,19064.1475
2023-06-04,27067.5,27455.5,26949.5,27112.9,20492.3829
2023-06-05,27112.9,27121.9,25381.1,25714.4,78092.3947
2023-06-06,25714.4,27349.5,25343.0,27223.9,61957.7028
2023-06-07,27223.9,27378.6,26120.0,26330.1,64041.0212
2023-06-08,26330.1,26801.9,26202.3,26490.2,36810.8216
2023-06-09,26490.2,26769.1,26270.4,26469.6,33301.1546
2023-06-10,26469.6,26523.7,25353.7,25828.0,62451.6416
2023-06-11,25828.0,26190.4,25625.0,25914.5,25498.1146
2023-06-12,25914.5,26087.4,25616.7,25895.4,40035.0944
2023-06-13,25895.4,26420.1,25711.7,25923.7,43131.1645
2023-06-14,25923.7,26080.7,24810.0,25114.6,52801.4715
2023-06-15,25114.6,25748.4,24794.4,25585.0,49155.108
2023-06-16,25585.0,26494.2,25185.5,26342.7,52452.637
2023-06-17,26342.7,26817.8,26180.0,26519.1,32099.1844
2023-06-18,26519.1,26702.7,26262.0,26344.4,24336.7437
2023-06-19,26344.4,27075.3,26264.9,26849.0,44601.8943
2023-06-20,26849.0,28404.6,26652.5,28301.5,70178.2577
2023-06-21,28301.5,30809.3,28258.0,30001.6,70151.8968
2023-06-22,30001.6,30499.5,29531.3,29890.2,37790.5387
2023-06-23,29891.7,31439.7,29813.6,30689.8,53287.1253
2023-06-24,30689.8,30803.9,30258.1,30537.0,19625.678
2023-06-25,30537.0,31046.7,30277.7,30469.5,24670.8607
2023-06-26,30469.5,30663.3,29933.8,30268.8,33352.3756
2023-06-27,30268.8,30995.0,30224.5,30690.6,45550.1442
2023-06-28,30690.6,30706.3,29842.5,30066.3,43572.649
2023-06-29,30066.3,30839.2,30037.9,30449.2,37021.3176
2023-06-30,30449.2,31301.4,29471.5,30464.0,95373.4213
2023-07-01,30464.0,30656.4,30313.7,30580.9,10053.6093
2023-07-02,30580.9,30783.0,30159.3,30612.1,25452.6335
2023-07-03,30612.1,31392.4,30560.0,31156.3,49691.3123
2023-07-04,31156.6,31324.2,30611.9,30759.0,41553.3956
2023-07-05,30759.0,30871.0,30187.0,30485.5,46007.5461
2023-07-06,30485.5,31529.4,29837.7,29879.1,105697.659
2023-07-07,29879.1,30440.0,29694.5,30332.7,49697.7199
2023-07-08,30332.8,30375.0,30028.3,30271.5,14714.8408
2023-07-09,30271.5,30439.3,30050.6,30149.2,17173.1041
2023-07-10,30149.4,31044.2,29938.1,30410.1,56490.5135
2023-07-11,30410.1,30803.1,30288.7,30615.0,36108.9388
2023-07-12,30615.0,30973.3,30200.0,30372.9,50979.4991
2023-07-13,30372.9,31840.2,30245.3,31444.0,89442.1627
2023-07-14,31444.0,31639.0,29880.4,30288.0,56878.7008
2023-07-15,30288.0,30374.0,30216.2,30274.5,13313.2838
2023-07-16,30273.1,30429.1,30043.0,30217.8,22180.423
2023-07-17,30217.8,30318.7,29637.7,30121.9,42187.21
2023-07-18,30121.9,30225.4,29478.3,29843.9,46012.4651
2023-07-19,29844.0,30175.0,29750.0,29892.9,35742.6618
2023-07-20,29892.9,30408.6,29548.9,29792.3,50490.5491
2023-07-21,29792.3,30048.2,29711.3,29888.1,27875.8504
2023-07-22,29888.2,29989.0,29610.0,29779.0,15102.3729
2023-07-23,29779.0,30346.8,29716.7,30075.5,22278.4516
2023-07-24,30075.5,30091.0,28845.8,29153.8,72592.0112
2023-07-25,29153.8,29349.7,29029.0,29213.2,27609.2358
2023-07-26,29213.2,29669.0,29083.9,29341.3,50743.3138
2023-07-27,29341.3,29561.0,29071.2,29210.3,26904.45
2023-07-28,29210.3,29533.9,29114.4,29302.6,33046.5632
2023-07-29,29302.7,29400.0,29245.7,29341.5,23881.7239
2023-07-30,29341.5,29438.2,29017.3,29273.9,46320.3881
2023-07-31,29273.9,29525.0,29100.7,29220.9,45592.7272
2023-08-01,29220.8,29732.5,28564.8,29700.6,103216.7135
2023-08-02,29700.6,30034.0,28910.6,29165.2,97610.7583
2023-08-03,29165.2,29414.6,28949.8,29180.9,55040.7743
2023-08-04,29180.9,29317.8,28788.8,29099.4,48551.4892
2023-08-05,29099.4,29140.0,28969.0,29054.9,18127.8848
2023-08-06,29054.9,29193.1,28975.9,29074.6,21469.9726
2023-08-07,29074.6,29265.6,28685.4,29196.7,64481.222
2023-08-08,29196.7,30227.6,29126.3,29766.6,101817.9801
2023-08-09,29766.6,30134.6,29366.0,29570.2,73321.2151
2023-08-10,29570.2,29727.5,29323.4,29443.5,49131.4411
2023-08-11,29443.6,29556.4,29240.0,29416.4,34978.6062
2023-08-12,29416.5,29471.5,29367.5,29420.8,10290.5528
2023-08-13,29420.9,29461.2,29260.0,29292.9,16197.3797
2023-08-14,29292.9,29684.6,29081.8,29419.0,57823.6049
2023-08-15,29419.0,29484.9,29063.1,29185.5,36185.3846
2023-08-16,29185.5,29247.1,28705.0,28713.5,54770.1286
2023-08-17,28713.6,28770.9,24207.0,26608.2,184473.7604
2023-08-18,26608.1,26818.1,25597.3,26041.9,104316.1663
2023-08-19,26041.8,26250.0,25785.1,26086.4,39269.9871
2023-08-20,26086.4,26278.1,25948.0,26174.5,29337.8686
2023-08-21,26174.5,26234.1,25793.7,26113.0,52020.5129
2023-08-22,26113.1,26125.7,25314.0,26041.2,71097.4914
2023-08-23,26041.4,26804.6,25800.0,26423.5,96387.165
2023-08-24,26423.5,26567.6,25840.3,26159.6,67066.2984
2023-08-25,26159.6,26300.0,25767.1,26048.4,64679.6152
2023-08-26,26048.4,26110.5,25976.7,26007.9,15174.3332
2023-08-27,26007.9,26173.1,25957.4,26090.2,23920.6768
2023-08-28,26090.2,26241.3,25856.8,26106.7,50235.1717
2023-08-29,26106.4,28155.2,25905.4,27708.3,161427.6539
2023-08-30,27707.9,27762.5,26995.4,27289.7,70541.4682
2023-08-31,27289.7,27563.0,25641.0,25926.6,128547.9917
2023-09-01,25927.1,26136.1,25313.9,25793.2,77918.1102
2023-09-02,25793.3,25973.6,25739.9,25860.0,18953.9863
2023-09-03,25860.0,26125.9,25790.3,25962.8,22311.7166
2023-09-04,25962.8,26095.7,25615.9,25814.2,27641.0021
2023-09-05,25814.2,25889.1,25560.0,25780.4,27675.8264
2023-09-06,25780.3,26036.7,25363.0,25746.3,36612.1824
2023-09-07,25746.2,26424.9,25604.7,26240.9,39661.9804
2023-09-08,26241.0,26433.2,25637.3,25900.7,34603.1837
2023-09-09,25900.7,25939.2,25786.4,25893.3,10677.9072
2023-09-10,25893.3,26019.8,25551.4,25828.7,23463.6762
2023-09-11,25828.7,25894.1,24882.3,25150.3,63616.4554
2023-09-12,25150.3,26559.2,25117.1,25827.8,84753.461
2023-09-13,25827.8,26400.6,25747.6,26210.4,48455.8427
2023-09-14,26210.3,26842.0,26108.7,26512.7,56723.2763
2023-09-15,26512.7,26880.3,26211.0,26591.1,47813.2963
2023-09-16,26591.1,26763.4,26433.3,26547.4,20511.9324
2023-09-17,26547.5,26611.6,26390.0,26513.7,16152.6725
2023-09-18,26513.7,27401.0,26369.1,26751.5,72242.1901
2023-09-19,26750.2,27468.7,26655.3,27193.0,67883.0273
2023-09-20,27193.0,27375.1,26776.7,27107.6,59553.3379
2023-09-21,27107.8,27145.0,26359.0,26548.8,54495.1318
2023-09-22,26548.7,26726.6,26451.4,26562.3,25880.909
2023-09-23,26562.4,26615.8,26492.5,26560.5,8459.1145
2023-09-24,26560.4,26723.0,26086.0,26231.7,22793.1991
2023-09-25,26231.7,26428.3,25975.7,26288.0,44697.3088
2023-09-26,26288.0,26383.0,26077.2,26207.5,27637.3327
2023-09-27,26207.6,26842.3,26101.0,26358.5,56056.9908
2023-09-28,26358.5,27309.2,26331.5,27018.6,69971.4914
2023-09-29,27018.9,27234.6,26662.0,26899.6,44101.6292
2023-09-30,26899.6,27087.8,26879.7,26956.9,13269.0095
2023-10-01,26957.5,28298.1,26946.6,27988.5,37920.6122
2023-10-02,27988.8,28590.7,27267.4,27487.9,91137.1858
2023-10-03,27486.7,27662.2,27152.4,27416.1,45378.8324
2023-10-04,27416.0,27825.3,27195.8,27762.0,47799.2013
2023-10-05,27762.0,28115.9,27339.0,27395.5,58919.105
2023-10-06,27395.5,28276.0,27155.0,27916.1,75560.805
2023-10-07,27916.2,28015.8,27830.0,27944.3,17031.6302
2023-10-08,27944.3,28081.0,27665.0,27903.5,29952.9129
2023-10-09,27903.6,27977.6,27255.0,27583.3,52108.68
2023-10-10,27582.7,27725.9,27285.8,27379.0,43452.7888
2023-10-11,27379.0,27466.6,26519.7,26862.0,68768.5867
2023-10-12,26862.1,26928.4,26533.9,26742.2,38005.1412
2023-10-13,26742.1,27110.0,26668.6,26846.0,41986.8553
2023-10-14,26845.9,26970.0,26771.8,26834.7,13511.2921
2023-10-15,26834.7,27280.1,26792.5,27137.7,28073.1089
2023-10-16,27137.7,30608.9,27096.1,28484.7,143118.5401
2023-10-17,28484.7,28601.2,28057.9,28386.9,54209.2247
2023-10-18,28386.9,28986.1,28130.0,28313.5,54439.5744
2023-10-19,28313.6,28917.1,28101.9,28700.8,70346.4681
2023-10-20,28700.8,30245.6,28562.4,29655.0,91328.6934
2023-10-21,29654.9,30376.8,29453.1,29900.0,42268.8907
2023-10-22,29900.0,30258.5,29619.4,29985.7,33404.6285
2023-10-23,29985.9,35950.5,29875.2,33082.5,158196.3843
2023-10-24,33081.5,35243.4,32838.3,33920.5,145568.3055
2023-10-25,33920.5,35144.8,33678.8,34494.1,79189.363
2023-10-26,34494.1,34829.2,33751.2,34153.3,55624.0434
2023-10-27,34153.4,34252.0,33378.4,33892.4,47326.3482
2023-10-28,33892.8,34530.3,33865.8,34080.1,23570.4436
2023-10-29,34080.2,34758.5,33927.1,34521.0,30974.4106
2023-10-30,34521.0,34875.0,34046.9,34478.1,49227.5157
2023-10-31,34478.1,34736.8,34028.4,34647.0,44939.3466
2023-11-01,34646.0,35716.7,34066.2,35426.3,80845.7627
2023-11-02,35426.2,36022.3,34292.4,34941.0,78005.7904
2023-11-03,34940.9,34943.0,34129.0,34705.9,55114.8312
2023-11-04,34706.1,35262.0,34582.7,35061.7,23191.0741
2023-11-05,35061.6,35397.6,34405.2,35015.9,36145.8444
2023-11-06,35018.3,35286.0,34731.4,35049.9,37198.8077
2023-11-07,35049.9,35906.4,34512.2,35400.0,65191.1749
2023-11-08,35400.0,36122.1,35093.0,35618.4,61104.9123
2023-11-09,35616.7,38070.0,35533.1,36702.1,145030.9983
2023-11-10,36702.9,37554.2,36334.1,37311.3,59891.729
2023-11-11,37311.2,37402.0,36635.9,37138.3,30034.4367
2023-11-12,37138.3,37228.2,36729.9,37065.1,21760.6449
2023-11-13,37065.1,37438.0,36330.0,36461.0,50385.6044
2023-11-14,36460.9,36756.9,34566.2,35538.5,77143.3743
2023-11-15,35536.6,37977.7,35362.9,37867.8,90930.4436
2023-11-16,37867.8,37941.4,35481.6,36157.3,92599.4044
2023-11-17,36157.3,36789.9,35853.2,36610.2,67344.1561
2023-11-18,36609.4,36844.0,36181.3,36570.0,25014.1968
2023-11-19,36570.0,37511.1,36374.6,37367.9,34423.7734
2023-11-20,37367.9,37763.5,36706.9,37453.1,70499.3666
2023-11-21,37453.1,37666.4,35724.2,35738.3,101046.0679
2023-11-22,35737.1,37879.9,35634.0,37417.4,80616.0201
2023-11-23,37417.9,37655.0,36867.7,37294.8,43591.651
2023-11-24,37295.0,38427.5,37256.5,37712.5,79434.5622
2023-11-25,37712.5,37884.7,37585.0,37777.0,18088.5629
2023-11-26,37776.9,37814.5,37132.3,37443.6,40809.3181
2023-11-27,37443.6,37559.7,36707.8,37236.9,61514.5663
2023-11-28,37236.9,38404.1,36860.0,37822.7,75857.6926
2023-11-29,37822.6,38480.4,37560.9,37849.9,61832.4543
2023-11-30,37849.8,38136.0,37463.6,37724.5,44201.5195
2023-12-01,37724.7,38984.4,37610.0,38664.3,80113.6231
2023-12-02,38664.3,39857.7,38620.0,39435.5,51410.0364
2023-12-03,39435.4,40336.2,39256.4,39977.8,53789.4952
2023-12-04,39977.7,42428.7,39973.7,41980.8,140730.318
2023-12-05,41980.8,44515.9,41381.3,44071.7,112577.6335
2023-12-06,44072.9,44303.1,43362.8,43752.4,63867.4208
2023-12-07,43755.7,44048.0,42829.4,43280.1,54226.7575
2023-12-08,43280.0,44744.8,43093.3,44184.3,43723.5502
2023-12-09,44184.0,44378.0,43565.1,43712.7,28915.6173
2023-12-10,43712.6,44074.1,43561.4,43789.8,21276.2815
2023-12-11,43789.7,43816.3,40226.1,41245.1,121120.1418
2023-12-12,41245.0,42100.0,40681.7,41487.4,59777.9049
2023-12-13,41487.3,43501.1,40555.4,42859.6,68224.6602
2023-12-14,42859.5,43418.4,41290.7,43008.4,65509.3059
2023-12-15,43008.3,43074.7,41651.7,41940.7,49490.9428
2023-12-16,41941.5,42721.9,41603.0,42271.9,32427.2839
2023-12-17,42271.8,42439.9,41246.0,41367.9,46508.3176
2023-12-18,41368.0,42762.6,40541.0,42647.7,78804.0117
2023-12-19,42647.6,43495.0,41811.8,42270.7,73536.0539
2023-12-20,42270.8,44321.5,42199.0,43680.1,99804.2268
2023-12-21,43680.7,44273.9,43303.3,43872.8,71605.5407
2023-12-22,43872.7,44435.0,43403.5,43982.5,63747.7398
2023-12-23,43982.4,44000.0,43286.0,43704.9,30352.2125
2023-12-24,43704.8,43964.5,42545.2,42988.2,42876.1413
2023-12-25,42988.1,43828.0,42734.4,43583.9,44553.1756
2023-12-26,43583.9,43605.6,41616.8,42516.7,77167.8587
2023-12-27,42516.3,43671.2,42120.0,43423.3,66292.4237
2023-12-28,43422.1,43818.8,42288.2,42573.8,68267.1864
2023-12-29,42574.6,43130.8,41255.0,42069.1,87691.6217
2023-12-30,42069.1,42625.6,41531.1,42151.6,48396.5233
2023-12-31,42151.5,42914.7,41979.8,42290.8,43948.2134
2024-01-01,42291.1,44243.7,42181.5,44209.5,55027.6252
2024-01-02,44209.8,45905.2,44181.9,44952.0,122176.9129
2024-01-03,44952.0,45527.0,40311.0,42833.7,175744.0908
2024-01-04,42833.7,44830.3,42601.5,44130.1,107030.8854
2024-01-05,44128.8,44416.9,42281.9,44128.9,122797.5186
2024-01-06,44128.6,44192.5,43380.0,43946.0,37409.5476
2024-01-07,43944.2,44468.3,43560.0,43900.0,50835.0293
2024-01-08,43902.8,47284.3,43140.3,46951.6,151513.7382
2024-01-09,46951.7,48065.0,44683.7,46098.6,141703.5587
2024-01-10,46096.8,47678.0,44281.9,46632.2,186649.493
2024-01-11,46632.3,48986.3,45559.8,46320.1,148417.3166
2024-01-12,46320.1,46511.0,41350.0,42761.3,147985.809
2024-01-13,42761.7,43232.8,42420.0,42824.8,47157.0956
2024-01-14,42824.6,43073.7,41703.1,41716.8,47426.9414
2024-01-15,41712.8,43340.0,41697.0,42491.8,65315.7047
2024-01-16,42491.7,43551.0,42028.9,43111.1,82817.1463
2024-01-17,43111.0,43177.0,42187.7,42759.1,60551.8705
2024-01-18,42758.9,42909.1,40658.2,41304.8,99122.777
2024-01-19,41304.5,42175.6,40258.3,41644.6,107620.121
2024-01-20,41644.4,41855.0,41435.6,41675.3,26667.1311
2024-01-21,41675.2,41857.3,41483.7,41565.3,21005.1625
2024-01-22,41565.2,41670.3,39388.9,39545.2,148588.9808
2024-01-23,39545.3,40157.1,38538.2,39888.8,124094.5234
2024-01-24,39888.9,40548.0,39491.7,40074.2,81628.3945
2024-01-25,40074.3,40299.3,39530.9,39949.7,62357.4836
2024-01-26,39949.8,42240.7,39810.0,41814.7,106464.2361
2024-01-27,41815.3,42188.0,41383.7,42104.6,31759.5806
2024-01-28,42104.7,42855.4,41578.3,42022.8,62382.0522
2024-01-29,42022.9,43344.5,41794.1,43296.1,74089.5711
2024-01-30,43296.5,43899.5,42653.8,42929.6,79233.6007
2024-01-31,42929.6,43740.1,42276.7,42562.6,96113.3673
2024-02-01,42563.7,43293.8,41864.3,43078.9,83405.7914
2024-02-02,43079.0,43482.3,42537.5,43189.5,60094.459
2024-02-03,43189.6,43379.2,42867.2,42999.7,22498.9183
2024-02-04,42999.8,43119.3,42186.5,42572.2,34146.8782
2024-02-05,42571.9,43572.7,42240.5,42696.3,78108.9174
2024-02-06,42696.4,43383.2,42559.1,43091.9,59513.2699
2024-02-07,43092.1,44396.3,42773.7,44339.3,78750.4735
2024-02-08,44339.1,45624.4,44319.9,45282.5,95483.0536
2024-02-09,45282.2,48239.3,45233.0,47140.0,160703.8265
2024-02-10,47140.0,48200.0,46851.9,47755.2,54148.3882
2024-02-11,47755.0,48618.3,47571.0,48322.6,64684.6377
2024-02-12,48322.6,50420.7,47723.1,49959.7,141011.6194
2024-02-13,49959.3,50434.5,48310.7,49703.3,121306.1728
2024-02-14,49703.2,52109.2,49232.3,51822.1,126240.8135
2024-02-15,51820.7,52860.2,51331.2,51900.9,123358.9585
2024-02-16,51900.9,52619.2,51611.2,52150.7,82038.8127
2024-02-17,52150.9,52197.5,50655.0,51680.5,72004.9232
2024-02-18,51680.4,52449.3,51183.3,52179.2,54997.658
2024-02-19,52179.2,52532.0,51702.0,51807.8,61916.0686
2024-02-20,51807.9,53091.5,50764.7,52294.9,114705.742
2024-02-21,52294.2,52397.0,50580.0,51866.3,95337.3466
2024-02-22,51866.4,52121.7,50944.8,51303.7,70357.0356
2024-02-23,51304.4,51567.1,50537.7,50767.0,64427.7317
2024-02-24,50767.0,51736.5,50600.0,51593.6,29218.097
2024-02-25,51593.8,52013.4,51298.5,51757.0,33482.8029
2024-02-26,51757.0,54970.0,50921.3,54510.0,111478.658
2024-02-27,54510.2,57694.0,54490.0,57064.8,150265.4425
2024-02-28,57065.1,64391.4,56719.1,62456.1,293701.7731
2024-02-29,62455.7,63745.9,60434.5,61178.6,161279.7775
2024-03-01,61178.6,63159.2,60815.0,62403.3,84093.9855
2024-03-02,62400.5,62473.2,61590.0,62017.6,42574.3528
2024-03-03,62017.6,63311.9,61334.0,63153.8,55289.5104
2024-03-04,63153.8,68616.7,62304.6,68307.8,203042.0213
2024-03-05,68308.0,69333.1,59167.2,63718.2,361877.8213
2024-03-06,63718.3,67707.6,62796.8,66099.0,198344.7764
2024-03-07,66099.3,68069.5,65568.8,66845.4,114056.476
2024-03-08,66845.7,70293.4,66116.0,68147.5,150098.9229
2024-03-09,68148.9,68571.8,67878.7,68340.8,67951.5616
2024-03-10,68340.9,69985.3,68114.2,68970.2,91915.934
2024-03-11,68971.8,72868.9,67079.7,72141.5,158443.7033
2024-03-12,72141.6,73334.7,68650.0,71480.1,157321.0594
2024-03-13,71480.1,73713.6,71359.5,73104.0,118637.8227
2024-03-14,73104.0,73843.5,68603.7,71417.2,164116.8763
2024-03-15,71418.5,72465.1,65576.8,69505.8,200942.122
2024-03-16,69513.0,70071.5,64726.9,65321.2,120714.705
2024-03-17,65321.4,68943.8,64550.0,68418.2,95174.5931
2024-03-18,68420.1,69011.7,66560.0,67634.4,85087.2459
2024-03-19,67629.5,68156.8,61558.1,61949.0,155203.5284
2024-03-20,61949.1,68127.3,60780.9,67850.9,141826.0152
2024-03-21,67853.3,68262.4,64532.0,65512.0,87537.0445
2024-03-22,65512.0,66648.3,62224.6,63794.2,101555.631
2024-03-23,63797.0,66030.0,63000.0,63988.4,64546.3719
2024-03-24,63989.8,67675.4,63784.4,67238.0,61898.3694
2024-03-25,67236.3,71198.0,66399.0,69900.1,88261.5709
2024-03-26,69900.8,71619.4,69320.3,70023.7,73658.2879
2024-03-27,70022.7,71850.0,68400.0,69509.0,90799.3219
2024-03-28,69507.8,71595.3,68924.4,70822.6,64727.7672
2024-03-29,70821.3,70960.2,69014.2,69872.7,49989.9284
2024-03-30,69872.2,70359.0,69557.6,69617.2,33743.4059
2024-03-31,69614.4,71456.6,69591.1,71345.7,38473.6854
2024-04-01,71346.7,71359.5,68053.4,69685.1,71789.9482
2024-04-02,69685.0,69708.6,64555.0,65469.4,112641.9415
2024-04-03,65467.2,66920.7,64450.0,65951.0,70634.9522
2024-04-04,65951.4,69316.1,65061.5,68477.8,79897.0977
2024-04-05,68479.0,68750.0,65940.4,67812.6,78671.3047
2024-04-06,67812.5,69707.6,67440.6,68898.7,39964.8336
2024-04-07,68898.7,70351.2,68816.0,69353.6,59097.906
2024-04-08,69353.2,72840.4,69059.3,71658.2,88490.3735
2024-04-09,71660.2,71794.4,68200.0,69154.2,109208.3277
2024-04-10,69151.4,71235.1,67509.2,70648.7,105170.121
2024-04-11,70648.6,71319.4,69568.7,70019.0,86400.1959
2024-04-12,70019.2,71258.0,65122.6,67114.9,118250.9361
2024-04-13,67112.8,67929.1,59872.0,63912.1,158603.6301
2024-04-14,63912.0,65812.2,62109.7,65616.9,155123.2625
2024-04-15,65617.0,66827.5,62238.6,63398.1,140311.9903
2024-04-16,63397.5,64330.0,61533.4,63757.2,150765.0747
2024-04-17,63757.3,64469.9,59609.8,61237.1,144829.6312
2024-04-18,61237.9,64099.7,60752.2,63446.6,124052.2292
2024-04-19,63444.1,65429.7,59539.3,63778.8,119959.5403
2024-04-20,63778.8,65393.4,63048.5,64897.8,29732.3764
2024-04-21,64896.4,65680.4,64201.0,64906.5,26982.4007
2024-04-22,64906.6,67222.0,64472.0,66786.4,45705.4685
2024-04-23,66786.1,67153.3,65768.3,66388.8,37004.9063
2024-04-24,66388.7,67058.0,63563.9,64235.9,44780.2818
2024-04-25,64235.2,65249.2,62731.4,64464.6,44999.1967
2024-04-26,64464.4,64780.5,63276.6,63740.4,37385.5689
2024-04-27,63740.3,63891.0,62350.0,63410.8,28301.6027
2024-04-28,63410.8,64342.2,62736.7,63083.8,18327.1296
2024-04-29,63083.6,64190.7,61742.2,63829.0,32871.0217
2024-04-30,63829.0,64698.1,59141.6,60636.9,53689.8564
2024-05-01,60639.0,60806.0,56519.7,58292.9,89140.1009
2024-05-02,58293.0,59600.0,56933.0,59024.1,52169.9385
2024-05-03,59024.3,63330.0,58780.3,62853.7,60638.5853
2024-05-04,62853.9,64523.1,62525.0,63864.8,41456.7496
2024-05-05,63864.9,64621.5,62860.0,63983.9,31738.6341
2024-05-06,63983.7,65508.4,62660.5,63137.9,47855.8653
2024-05-07,63137.8,64384.0,62219.4,62297.9,44348.6438
2024-05-08,62297.9,63009.7,60850.0,61155.4,46330.4988
2024-05-09,61155.5,63406.5,60580.0,63027.3,46143.9278
2024-05-10,63027.3,63434.4,60134.8,60770.5,51783.4289
2024-05-11,60770.3,61487.2,60436.0,60789.8,26520.797
2024-05-12,60789.8,61841.4,60560.0,61440.8,24788.975
2024-05-13,61440.8,63442.3,60725.0,62915.1,50511.2356
2024-05-14,62915.2,63095.9,61068.8,61536.2,46402.9549
2024-05-15,61536.3,66452.5,61302.7,66204.0,75349.1351
2024-05-16,66204.0,66775.0,64606.4,65238.2,48112.7904
2024-05-17,65237.0,67435.1,65086.3,66994.2,40988.208
2024-05-18,66995.3,67358.6,66563.6,66901.9,23678.175
2024-05-19,66901.8,67748.9,65862.7,66255.3,30061.8134
2024-05-20,66255.4,71654.2,66050.0,71457.4,60423.0157
2024-05-21,71457.4,72073.0,69172.7,70145.4,44914.1215
2024-05-22,70146.2,70697.1,68902.0,69187.9,34952.0072
2024-05-23,69188.0,70117.1,66305.0,67958.8,45021.7447
2024-05-24,67958.9,69251.0,66601.7,68561.4,30786.0165
2024-05-25,68561.2,69609.8,68504.5,69292.0,18123.5163
2024-05-26,69291.9,69567.0,68137.6,68503.0,17948.0645
2024-05-27,68502.9,70725.6,68255.5,69427.7,30137.2949
2024-05-28,69427.6,69593.2,67262.9,68410.7,41906.7244
2024-05-29,68410.5,68941.3,67130.0,67645.7,31917.6587
2024-05-30,67645.6,69540.5,67125.8,68368.3,34703.0487
2024-05-31,68368.4,69049.7,66655.2,67540.2,32090.6378
2024-06-01,67540.3,67888.2,67438.8,67765.3,11936.6955
2024-06-02,67765.4,68517.0,67275.1,67760.9,16465.7701
2024-06-03,67760.8,70315.7,67610.0,68817.4,35231.1043
2024-06-04,68817.6,71098.8,68580.0,70561.8,32199.2287
2024-06-05,70560.1,71805.3,70420.0,71123.1,31171.181
2024-06-06,71123.0,71685.8,70125.0,70813.9,24903.7787
2024-06-07,70814.2,72050.0,68370.8,69354.4,40167.239
2024-06-08,69354.3,69585.0,69173.7,69312.8,7770.3003
2024-06-09,69312.9,69846.0,69130.8,69637.4,11426.3481
2024-06-10,69637.8,70180.0,69159.2,69529.0,20180.9468
2024-06-11,69529.0,69571.8,65951.3,67283.6,39701.6361
2024-06-12,67284.0,70000.0,66878.2,68246.9,41160.0012
2024-06-13,68246.8,68490.0,66233.0,66748.0,29060.6623
2024-06-14,66748.2,67351.8,65031.3,66011.9,33915.2176
2024-06-15,66012.0,66450.0,65814.9,66185.4,10461.5646
2024-06-16,66185.6,66944.6,66003.4,66637.6,13011.5079
2024-06-17,66637.6,67268.2,65090.0,66450.1,42225.3933
2024-06-18,66450.2,66545.2,64004.0,65131.8,46068.6891
2024-06-19,65132.1,65690.2,64628.6,64920.8,20069.9259
2024-06-20,64920.7,66453.7,64515.2,64841.0,36377.89
2024-06-21,64841.0,65038.8,63348.0,64102.6,32890.2482
2024-06-22,64102.6,64491.2,63894.6,64220.9,9373.2742
2024-06-23,64220.9,64478.5,63121.7,63167.5,14309.2642
2024-06-24,63167.5,63335.1,58323.0,60244.3,78832.61
2024-06-25,60244.4,62388.5,60205.5,61757.7,37069.1044
2024-06-26,61757.7,62450.5,60670.7,60835.5,35869.13
2024-06-27,60835.5,62369.8,60579.3,61665.5,33155.0553
2024-06-28,61665.5,62198.1,60023.0,60399.9,34375.079
2024-06-29,60399.8,61196.0,60372.1,60958.3,14319.9727
2024-06-30,60958.0,63041.6,60682.8,62754.1,25720.1687
2024-07-01,62754.0,63838.4,62496.3,62875.4,33992.5509
2024-07-02,62875.4,63281.0,61788.7,62094.8,27976.5369
2024-07-03,62094.9,62252.5,59355.0,60179.9,46377.9159
2024-07-04,60180.0,60465.1,56620.3,57024.2,67308.7058
2024-07-05,57022.6,57518.6,53333.7,56595.0,79129.4331
2024-07-06,56592.0,58455.0,55993.9,58211.1,30895.7272
2024-07-07,58211.0,58424.1,55700.0,55833.2,37314.6349
2024-07-08,55832.9,58187.9,54246.4,56680.7,73437.3468
2024-07-09,56680.7,58286.0,56255.0,58026.3,45546.8622
2024-07-10,58026.1,59442.1,57145.0,57705.0,48945.3746
2024-07-11,57704.7,59749.0,57021.7,57317.1,58667.9716
2024-07-12,57317.1,58523.8,56499.4,57871.0,43593.4365
2024-07-13,57871.4,59848.1,57731.0,59185.1,35275.8313
2024-07-14,59185.5,61415.2,59174.9,60769.6,44467.4211
2024-07-15,60769.2,64898.0,60623.5,64710.0,57412.6286
2024-07-16,64710.0,65373.5,62363.5,65024.4,58264.6304
2024-07-17,65024.4,66107.4,63830.0,64060.1,42317.0932
2024-07-18,64060.5,65100.0,63216.1,63961.7,38385.7097
2024-07-19,63961.7,67379.9,63272.6,66648.0,57995.3198
2024-07-20,66647.9,67640.0,66211.4,67112.4,22959.1185
2024-07-21,67112.4,68361.4,65751.1,68150.3,41398.6002
2024-07-22,68150.3,68475.8,66548.8,67500.1,36519.9143
2024-07-23,67500.2,67731.0,65408.0,65914.9,49877.4213
2024-07-24,65915.0,67091.2,65084.0,65352.9,40327.0168
2024-07-25,65351.2,66146.3,63415.1,65770.8,55460.0758
2024-07-26,65770.8,68209.5,65693.6,67890.6,43336.1229
2024-07-27,67890.6,69400.0,66623.0,67888.3,67895.2696
2024-07-28,67888.2,68320.2,67041.0,68225.0,22283.3248
2024-07-29,68224.9,70080.0,66376.6,66750.1,70511.0038
2024-07-30,66750.0,66955.3,65259.0,66156.0,45446.8209
2024-07-31,66155.8,66811.1,64484.7,64597.5,47128.0979
2024-08-01,64597.6,65628.6,62250.3,65321.5,63670.5053
2024-08-02,65321.5,65569.0,61185.9,61457.7,63267.5603
2024-08-03,61458.0,62150.0,59797.8,60671.3,47668.6054
2024-08-04,60671.3,61085.9,57113.3,58129.5,47742.8806
2024-08-05,58132.7,58280.3,48931.2,53980.0,157890.8627
2024-08-06,53988.9,57016.2,53920.0,56000.0,59732.1478
2024-08-07,55993.8,57710.0,54531.2,55117.8,67581.0986
2024-08-08,55113.1,62743.0,54708.6,61675.2,84720.2461
2024-08-09,61675.2,61736.4,59500.0,60817.5,54492.8205
2024-08-10,60817.5,61458.8,60222.0,60898.2,24078.1895
2024-08-11,60898.2,61881.6,58270.0,58701.9,44141.6443
2024-08-12,58702.0,60678.1,57617.8,59323.4,71038.7629
2024-08-13,59323.5,61566.4,58385.3,60565.5,49259.2832
2024-08-14,60565.5,61807.3,58404.0,58648.0,53666.7951
2024-08-15,58645.4,59827.0,56047.9,57519.1,60621.8888
2024-08-16,57517.6,59800.0,57070.5,58868.0,51584.9136
2024-08-17,58868.0,59701.0,58785.0,59483.2,16506.0246
2024-08-18,59483.1,60281.1,58400.0,58406.9,35995.8484
2024-08-19,58407.0,59584.5,57784.2,59405.0,44841.3138
2024-08-20,59405.9,61400.0,58510.9,58978.4,56170.1928
2024-08-21,58977.7,61835.4,58750.0,61136.1,53268.3685
2024-08-22,61136.1,61389.4,59680.0,60357.4,39143.5762
2024-08-23,60357.5,64990.0,60318.4,64038.5,74521.5085
2024-08-24,64038.5,64490.0,63538.7,64141.9,25948.4926
2024-08-25,64140.4,65061.8,63767.7,64209.7,24881.5661
2024-08-26,64209.7,64467.3,62784.2,62819.0,43518.5474
2024-08-27,62819.0,63200.0,57950.0,59376.5,67382.6557
2024-08-28,59376.5,60200.0,57810.9,59006.5,59748.5627
2024-08-29,59006.5,61154.3,58669.0,59325.0,48473.0165
2024-08-30,59325.1,59912.6,57672.8,59098.3,54783.1527
2024-08-31,59098.3,59431.3,58702.3,58949.7,16535.4325
2024-09-01,58944.6,59052.9,57122.0,57260.6,53917.5743
2024-09-02,57260.6,59407.6,57082.1,59120.0,43719.5062
2024-09-03,59120.0,59808.9,57368.6,57451.4,52610.6936
2024-09-04,57451.5,58510.2,55532.1,57949.3,66747.3396
2024-09-05,57949.3,58314.1,55611.0,56151.8,60021.3094
2024-09-06,56151.7,56989.9,52493.1,53922.3,94578.7044
2024-09-07,53922.3,54822.9,53715.4,54137.3,26933.3132
2024-09-08,54137.3,55296.8,53601.4,54846.7,37045.5293
2024-09-09,54846.4,58120.0,54562.5,57025.5,65244.4965
2024-09-10,57025.6,58033.9,56370.2,57623.2,45147.2607
2024-09-11,57622.8,57967.5,55531.6,57318.3,66643.2476
2024-09-12,57318.0,58556.2,57303.7,58109.8,51098.7036
2024-09-13,58109.9,60629.7,57605.0,60484.2,57061.7272
2024-09-14,60484.2,60601.0,59371.2,59979.3,22160.4351
2024-09-15,59978.8,60391.2,58668.7,59111.1,32962.8132
2024-09-16,59111.2,59192.7,57451.7,58182.4,50514.6553
2024-09-17,58182.4,61333.0,57581.7,60292.8,64783.0088
2024-09-18,60292.8,61777.3,59151.0,61744.5,70488.2027
2024-09-19,61744.4,63864.1,61552.3,62947.3,62465.4316
2024-09-20,62947.3,64147.0,62327.1,63187.8,49265.4233
2024-09-21,63187.8,63556.3,62734.9,63325.6,17831.8593
2024-09-22,63325.7,64011.0,62350.3,63571.6,36612.4842
2024-09-23,63571.5,64760.5,62555.0,63318.4,46183.417
2024-09-24,63318.4,64700.0,62693.8,64261.5,45147.9648
2024-09-25,64261.5,64821.2,62925.0,63137.4,33933.206
2024-09-26,63137.5,65837.1,62647.7,65163.2,48928.061
2024-09-27,65163.4,66459.9,64811.0,65769.0,30527.1262
2024-09-28,65768.8,66261.9,65408.3,65841.6,13791.7178
2024-09-29,65841.4,66076.8,65420.0,65584.5,13382.9818
2024-09-30,65584.5,65611.0,62814.7,63295.8,42517.1139
2024-10-01,63295.8,64095.0,60123.0,60780.2,56371.4673
2024-10-02,60783.7,62348.0,59950.0,60621.1,40618.316
2024-10-03,60618.0,61461.5,59831.0,60728.4,39118.6526
2024-10-04,60728.9,62468.1,60440.0,62067.6,34145.5015
2024-10-05,62067.6,62357.8,61666.0,62038.7,11872.7591
2024-10-06,62038.5,62958.4,61788.6,62802.5,18492.6701
2024-10-07,62801.9,64450.0,62089.1,62200.6,40667.6245
2024-10-08,62200.3,63180.0,61843.7,62131.0,28350.1919
2024-10-09,62131.1,62529.8,60260.1,60604.6,29067.4828
2024-10-10,60604.6,61290.0,58900.0,60288.2,33735.1211
2024-10-11,60288.2,63421.0,60053.6,62522.8,32042.0785
2024-10-12,62523.0,63470.0,62477.4,63196.9,12969.9904
2024-10-13,63196.7,63285.0,62028.6,62854.1,17669.6466
2024-10-14,62854.1,66514.0,62440.0,66093.4,38542.163
2024-10-15,66093.6,67980.0,64775.9,67066.1,42697.5249
2024-10-16,67066.3,68430.7,66743.7,67613.0,24774.6358
2024-10-17,67613.2,67943.2,66666.3,67416.3,25736.7226
2024-10-18,67416.5,69033.4,67179.9,68427.4,26638.8824
2024-10-19,68427.4,68700.0,68005.5,68372.7,8471.0401
2024-10-20,68372.5,69435.2,68088.8,69040.2,13894.6698
2024-10-21,69040.4,69573.9,66857.3,67369.4,27124.5296
2024-10-22,67369.6,67835.8,66555.0,67416.5,25102.5756
2024-10-23,67416.5,67452.9,65229.0,66651.4,30165.3512
2024-10-24,66651.6,68850.0,66496.5,68182.6,24167.7848
2024-10-25,68182.6,68757.7,65559.6,66676.9,37648.2646
2024-10-26,66674.9,67447.6,66417.8,67080.2,10737.1103
2024-10-27,67080.4,68330.0,66919.0,68007.0,15166.9772
2024-10-28,68007.0,70340.0,67594.7,69950.6,34247.4377
2024-10-29,69950.6,73676.2,69745.9,72749.5,41431.4199
2024-10-30,72749.3,72999.0,71460.0,72362.7,24713.9134
2024-10-31,72362.7,72715.5,69705.0,70323.1,27724.7105
2024-11-01,70323.1,71646.9,68822.0,69495.8,32041.0681
2024-11-02,69496.0,69917.2,69018.6,69371.1,9787.7227
2024-11-03,69370.9,69395.0,67463.2,68757.8,31019.272
2024-11-04,68759.9,69501.4,66820.0,67843.9,27725.5456
2024-11-05,67844.1,70544.6,67463.1,69360.2,27496.0171
2024-11-06,69360.4,76423.8,69277.1,75592.8,57098.9963
2024-11-07,75592.8,76862.8,74463.4,75863.1,24260.6255
2024-11-08,75863.5,77190.0,75601.0,76499.3,20166.6187
2024-11-09,76499.5,76929.3,75701.6,76688.2,10513.9839
2024-11-10,76688.2,81654.2,76508.1,80406.1,29087.7569
2024-11-11,80406.1,89777.0,80260.2,88714.4,39999.4972
2024-11-12,88714.6,90022.1,85169.0,87971.4,36802.7835
2024-11-13,87969.4,93381.4,86147.5,90402.7,31328.8206
2024-11-14,90402.7,91839.3,86672.8,87366.5,20298.4064
2024-11-15,87365.8,91900.0,87098.3,91083.2,20280.9284
2024-11-16,91083.4,91841.8,90100.0,90610.0,8907.1319
2024-11-17,90620.8,91538.4,88742.0,89883.4,12566.4491
2024-11-18,89886.1,92719.7,89420.0,90505.2,20577.3588
2024-11-19,90505.0,93973.7,90405.1,92323.5,17680.5392
2024-11-20,92327.0,94851.9,91504.4,94299.9,18180.8183
2024-11-21,94299.6,99092.5,94024.7,98362.6,23414.849
2024-11-22,98362.8,99650.0,97188.0,98922.7,14137.7225
2024-11-23,98922.7,98942.7,97175.4,97730.2,7928.5814
2024-11-24,97730.2,98614.0,95810.8,97965.6,12646.212
2024-11-25,97965.8,98970.0,92642.0,93040.0,24297.2493
2024-11-26,93038.1,95038.6,90852.6,92007.3,27342.1662
2024-11-27,92007.8,97239.5,91850.0,95893.9,19638.4991
2024-11-28,95893.9,96610.0,94687.1,95685.5,13238.6838
2024-11-29,95685.5,98699.5,95400.0,97502.8,17026.0109
2024-11-30,97503.0,97512.0,96131.9,96462.9,7968.5432
2024-12-01,96462.9,97913.4,95750.2,97242.7,10501.0198
2024-12-02,97242.5,98250.0,94430.0,95870.2,16011.7566
2024-12-03,95870.2,96360.7,93611.3,95901.9,14004.1485
2024-12-04,95900.1,99088.0,94631.5,98661.4,18341.3012
2024-12-05,98662.6,104591.3,90937.8,96972.5,35846.3716
2024-12-06,96972.3,101973.8,96403.8,99774.0,21039.4768
2024-12-07,99774.0,100484.2,98857.6,99888.4,8418.2237
2024-12-08,99888.4,101443.6,98701.3,101177.1,10031.1303
2024-12-09,101177.1,101279.1,94113.7,97331.3,27163.5291
2024-12-10,97330.0,98288.1,94263.5,96585.4,19708.0073
2024-12-11,96585.4,101893.9,95645.0,101121.7,17659.4372
2024-12-12,101123.5,102576.1,99300.5,99991.9,18184.0417
2024-12-13,99991.9,101896.4,99181.2,101403.4,14612.5525
2024-12-14,101403.4,102666.6,100584.6,101405.6,10099.0407
2024-12-15,101405.8,105341.9,101220.8,104475.0,15391.8718
2024-12-16,104484.3,107797.4,103311.5,106065.1,21699.7792
2024-12-17,106065.3,108375.6,105300.8,106093.4,16362.0392
2024-12-18,106093.4,106487.4,99967.6,100171.1,26029.5992
2024-12-19,100177.8,102767.7,95689.5,97428.2,26840.2345
2024-12-20,97428.2,98239.0,92272.4,97772.1,27450.3361
2024-12-21,97772.3,99522.8,96375.1,97266.0,12967.9394
2024-12-22,97266.0,97435.7,94220.7,95162.4,15139.9865
2024-12-23,95162.4,96510.0,92500.0,94861.3,22925.4113
2024-12-24,94861.5,99450.0,93529.5,98645.2,21385.5186
2024-12-25,98645.2,99559.2,97605.8,99404.9,12027.4465
2024-12-26,99405.1,99966.0,95164.0,95758.3,19329.8581
2024-12-27,95760.4,97520.8,93472.2,94272.2,19019.2418
2024-12-28,94272.2,95707.5,94103.2,95273.1,8065.2004
2024-12-29,95272.9,95316.4,92980.9,93713.0,11135.7404
2024-12-30,93713.2,95024.4,91507.2,92765.3,22536.7344
2024-12-31,92765.3,96250.0,92013.6,93554.1,19387.5134
2025-01-01,93561.1,95165.0,92891.7,94581.7,10486.5348
2025-01-02,94581.7,97827.5,94376.7,96979.2,19975.9439
2025-01-03,96979.2,98959.9,96084.5,98160.4,15533.2745
2025-01-04,98160.2,98772.8,97497.1,98190.7,8666.4817
2025-01-05,98190.6,98843.1,97242.1,98350.0,9061.6868
2025-01-06,98350.2,102458.6,97888.7,102196.6,21263.0365
2025-01-07,102196.4,102723.9,96142.8,96924.2,23561.6154
2025-01-08,96924.2,97240.0,92467.0,95032.8,22559.1441
2025-01-09,95028.4,95369.8,91170.8,92526.6,24733.5172
2025-01-10,92526.7,95827.4,92200.0,94696.1,22288.2101
2025-01-11,94696.0,95010.3,93814.8,94582.2,7646.1356
2025-01-12,94582.2,95450.0,93674.9,94520.0,10123.4011
2025-01-13,94519.8,95944.0,89019.8,94510.4,32672.4097
2025-01-14,94508.0,97358.7,94331.7,96533.4,16829.0981
2025-01-15,96533.3,100670.2,96465.4,100478.5,20922.676
2025-01-16,100478.5,100865.9,97313.6,99961.0,17835.7192
2025-01-17,99961.0,105800.0,99923.9,104063.7,20703.291
2025-01-18,104063.9,104973.4,102259.6,104534.9,13311.6525
2025-01-19,104535.1,106470.9,99652.3,101306.8,20611.5523
2025-01-20,101318.2,109952.8,99504.5,102258.6,33948.9828
2025-01-21,102258.6,107244.0,100125.1,106136.5,18410.6579
2025-01-22,106136.6,106399.9,103320.2,103684.5,15045.9619
2025-01-23,103684.3,106850.6,101230.6,103884.0,37607.5062
2025-01-24,103883.9,107109.9,102711.6,104825.7,13254.3915
2025-01-25,104825.6,105276.2,104066.0,104723.4,7380.7035
2025-01-26,104723.6,105484.8,102475.5,102575.2,9352.7569
2025-01-27,102575.2,103232.6,97720.0,102040.5,28754.047
2025-01-28,102040.3,103794.3,100240.8,101300.2,15983.1116
2025-01-29,101300.2,104761.1,101290.0,103715.1,17968.3701
2025-01-30,103715.2,106420.9,103256.9,104701.4,12053.2745
2025-01-31,104701.2,106000.0,101503.1,102397.1,17293.4359
2025-02-01,102397.0,102740.0,100227.3,100604.8,9747.1854
2025-02-02,100604.6,101435.9,96095.1,97670.8,22072.6597
2025-02-03,97670.6,102469.9,91168.1,101315.4,29626.5136
2025-02-04,101315.5,101678.0,96107.3,97725.3,19913.5141
2025-02-05,97726.7,99128.0,96120.0,96580.1,13421.2262
2025-02-06,96579.9,99109.0,95656.0,96530.0,18562.2964
2025-02-07,96532.1,100128.7,95575.3,96461.9,21582.0861
2025-02-08,96461.9,96861.7,95644.1,96422.8,7732.9236
2025-02-09,96422.7,97299.4,94671.0,96439.5,14871.108
2025-02-10,96439.0,98330.0,95219.8,97393.6,17022.3955
2025-02-11,97393.6,98467.1,94837.8,95754.5,19477.7541
2025-02-12,95754.6,98107.7,94019.7,97846.0,23404.9742
2025-02-13,97844.8,98063.9,95190.0,96580.8,16183.656
2025-02-14,96580.6,98817.6,96245.8,97465.0,17778.7085
2025-02-15,97465.2,97944.0,97190.1,97554.0,6434.3233
2025-02-16,97554.2,97691.5,96019.7,96080.3,7999.2696
2025-02-17,96080.2,97000.0,95166.1,95754.1,12725.3271
2025-02-18,95753.9,96732.2,93337.9,95634.4,18521.4662
2025-02-19,95634.3,96878.6,95027.0,96618.5,15093.6166
2025-02-20,96618.5,98684.8,96388.8,98266.3,16823.9831
2025-02-21,98266.4,99444.0,94860.0,96155.0,23479.6456
2025-02-22,96155.0,96978.5,95760.5,96532.7,6004.5757
2025-02-23,96532.6,96627.7,95240.3,96250.0,8933.2998
2025-02-24,96250.1,96508.6,91300.0,91514.4,24895.4833
2025-02-25,91514.4,92520.0,86043.8,88660.2,29591.1472
2025-02-26,88660.4,89385.7,82231.1,84220.2,28710.8944
2025-02-27,84220.9,87062.7,82680.2,84685.3,19183.7525
2025-02-28,84685.3,85093.9,78234.6,84319.8,34755.7375
2025-03-01,84319.9,86532.5,83783.9,86029.6,11984.3255
2025-03-02,86029.8,94970.5,85033.0,94241.2,30955.4497
2025-03-03,94240.8,94392.1,85069.3,86194.2,21664.8234
2025-03-04,86194.4,88916.8,81440.3,87262.1,26728.511
2025-03-05,87262.1,90987.8,86349.2,90581.5,21338.2018
2025-03-06,90581.7,92793.2,87812.2,89906.9,22117.2846
2025-03-07,89906.9,91261.0,84573.6,86759.5,29356.5441
2025-03-08,86759.5,86877.0,85220.0,86196.5,8017.1923
2025-03-09,86197.2,86489.9,79942.7,80702.3,24705.2505
2025-03-10,80703.3,84041.9,77420.7,78575.8,24892.4296
2025-03-11,78575.8,83599.0,76572.2,82909.8,22489.2685
2025-03-12,82909.7,84481.9,80569.9,83661.0,18354.666
2025-03-13,83661.0,84319.9,79908.0,81092.4,17532.5024
2025-03-14,81092.4,85294.7,80786.5,83958.7,18425.1851
2025-03-15,83958.8,84650.0,83601.3,84318.6,7436.7709
2025-03-16,84318.5,85130.3,81962.7,82548.6,17043.722
2025-03-17,82548.7,84729.2,82416.2,83970.2,16687.0337
2025-03-18,83970.2,83983.7,81116.4,82683.1,17058.2657
2025-03-19,82683.0,87000.0,82512.8,86808.8,17241.329
2025-03-20,86810.5,87428.4,83627.0,84183.6,11058.4365
2025-03-21,84184.1,84820.3,83150.0,84064.1,10395.1666
2025-03-22,84064.1,84518.3,83632.1,83820.3,3566.3616
2025-03-23,83820.3,86111.0,83766.0,86054.3,5929.2139
2025-03-24,86054.5,88758.2,85500.0,87476.8,11716.6088
2025-03-25,87476.6,88518.4,86276.0,87384.2,9962.5317
2025-03-26,87384.3,88264.0,85821.8,86884.4,10185.2888
2025-03-27,86884.4,87728.1,85760.8,87197.0,9063.896
2025-03-28,87197.0,87485.8,83560.1,84387.1,10889.6631
2025-03-29,84387.1,84594.2,81620.0,82619.6,7174.6727
2025-03-30,82619.7,83500.0,81523.4,82359.9,7377.8341
2025-03-31,82360.0,83894.0,81237.3,82526.0,12619.8559
2025-04-01,82526.1,85550.0,82400.0,85138.1,12683.3167
2025-04-02,85138.1,88500.0,82305.2,82488.8,20719.564
2025-04-03,82488.9,83901.7,81163.9,83183.1,17897.7422
2025-04-04,83183.2,84720.9,81637.4,83874.3,19915.3315
2025-04-05,83874.4,84241.1,82352.6,83510.2,6808.6105
2025-04-06,83513.0,83766.2,77117.2,78395.4,14170.099
2025-04-07,78395.4,81198.7,74485.0,79154.7,27974.2127
2025-04-08,79154.6,80833.3,76217.2,76305.7,17242.3918
2025-04-09,76305.6,83565.5,74600.0,82605.7,20737.0933
2025-04-10,82605.5,82735.2,78433.4,79574.6,15028.8949
2025-04-11,79574.5,84290.5,78944.5,83396.9,15247.0962
2025-04-12,83394.8,85888.0,82760.2,85252.8,8849.082
2025-04-13,85252.8,86100.0,83001.7,83731.9,11137.4199
2025-04-14,83731.7,85781.4,83652.5,84560.5,13344.2156
2025-04-15,84560.3,86444.3,83576.0,83620.8,12905.3386
2025-04-16,83620.6,85492.4,83071.5,84003.3,14119.5573
2025-04-17,84003.4,85456.1,83705.4,84923.7,9914.8538
2025-04-18,84923.7,85130.7,84280.0,84436.0,5418.936
2025-04-19,84436.2,85640.4,84333.9,85062.4,6265.0477
2025-04-20,85062.2,85302.7,83903.9,85165.3,5084.6946
2025-04-21,85165.3,88441.5,85116.7,87480.6,15880.0143
2025-04-22,87480.7,94069.9,87031.2,93421.9,17686.883
2025-04-23,93422.1,94673.3,91917.5,93650.4,14835.438
2025-04-24,93650.2,93982.5,91637.3,93936.9,11461.4053
2025-04-25,93937.0,95726.2,92800.0,94596.7,11477.3765
2025-04-26,94596.7,95160.5,93834.2,94578.7,4004.0086
2025-04-27,94578.5,95274.1,93564.7,93701.8,4189.5
2025-04-28,93701.7,95560.0,92749.2,94966.1,9808.8362
2025-04-29,94966.3,95423.6,93684.0,94201.3,7698.589
2025-04-30,94201.3,95180.8,92865.0,94118.3,9444.8556
2025-05-01,94118.3,97388.5,94076.9,96432.4,10374.4784
2025-05-02,96432.4,97857.3,96308.4,96833.7,8168.84
2025-05-03,96833.7,96868.9,95687.0,95814.4,4686.9835
2025-05-04,95813.5,96250.0,94112.0,94228.7,5626.7438
2025-05-05,94228.9,95150.9,93448.8,94696.5,8648.6506
2025-05-06,94696.6,96882.1,93337.4,96789.9,9205.5624
2025-05-07,96789.9,97696.2,95732.5,96985.9,10975.4607
2025-05-08,96985.9,104263.9,96831.9,103233.9,16536.7674
2025-05-09,103233.9,104340.0,102276.1,102939.7,8608.8798
2025-05-10,102939.6,104970.0,102779.9,104786.8,5001.0335
2025-05-11,104786.3,104940.9,103290.1,104072.9,6268.0784
2025-05-12,104072.9,105812.0,100693.1,102741.7,12914.7411
2025-05-13,102741.7,104961.5,101394.9,104080.2,9387.771
2025-05-14,104080.4,104324.5,102553.0,103451.0,8078.0517
2025-05-15,103451.0,104160.8,101337.4,103726.5,11404.5886
2025-05-16,103724.9,104522.4,103061.2,103420.1,6670.6423
2025-05-17,103420.1,103669.7,102555.6,103084.4,4959.767
2025-05-18,103084.5,106641.5,103066.4,106420.0,8961.2467
2025-05-19,106423.5,107106.0,102019.9,105534.6,15804.1473
2025-05-20,105534.7,107280.0,104133.4,106798.8,13963.4412
2025-05-21,106798.8,110780.0,106028.0,109607.9,17908.4884
2025-05-22,109608.0,111949.0,109163.1,111651.6,12798.4107
2025-05-23,111651.8,111759.9,106747.5,107273.1,14223.4983
2025-05-24,107273.3,109436.8,106843.3,107712.9,6625.8247
2025-05-25,107712.9,109300.0,106537.0,108962.7,7279.549
2025-05-26,108962.7,110394.0,108633.8,109388.5,8980.943
2025-05-27,109388.5,110684.2,107456.8,108882.8,12679.0635
2025-05-28,108882.9,109232.2,106728.0,107727.4,8860.0666
2025-05-29,107727.4,108849.5,105264.8,105546.2,11713.3733
2025-05-30,105546.1,106268.2,103568.9,103969.9,11508.0155
2025-05-31,103963.8,104865.0,103033.3,104553.4,6320.6388
2025-06-01,104553.6,105823.9,103703.7,105594.5,6127.7387
2025-06-02,105594.7,105906.6,103630.0,105816.5,10511.6764
2025-06-03,105813.4,106743.9,104822.4,105330.0,8131.4008
2025-06-04,105329.9,105940.0,104128.7,104638.5,7612.302
2025-06-05,104638.3,105870.3,100335.4,101457.3,16384.9426
2025-06-06,101457.2,105287.8,101053.5,104234.0,9356.5577
2025-06-07,104234.0,105867.1,103817.5,105503.6,5024.9769
2025-06-08,105503.5,106448.7,104940.1,105675.8,4457.567
2025-06-09,105675.8,110630.1,105264.0,110222.7,13594.7022
2025-06-10,110222.5,110360.5,108291.5,110233.3,8825.6881
2025-06-11,110233.3,110360.1,108000.5,108602.4,7181.2954
2025-06-12,108602.5,108779.4,105605.0,105622.5,10579.9652
2025-06-13,105622.4,106140.8,102626.8,106019.7,12202.8952
2025-06-14,106019.8,106168.1,104247.3,105359.8,4396.0966
2025-06-15,105360.0,106085.8,104429.3,105540.9,5114.8973
2025-06-16,105540.7,108926.6,104922.9,106752.1,9932.2315
2025-06-17,106748.7,107720.3,103303.0,104512.3,12497.9949
2025-06-18,104512.4,105498.9,103446.4,104838.1,10203.9694
2025-06-19,104838.0,105174.1,103880.0,104609.2,5541.1091
2025-06-20,104608.4,106480.0,102292.0,103246.8,11188.5245
2025-06-21,103246.7,103943.6,100817.3,102069.9,6527.742
2025-06-22,102069.4,103352.8,98133.9,100902.3,13158.011
2025-06-23,100902.4,106031.0,99581.0,105287.4,14738.6651
2025-06-24,105287.4,106227.9,104578.4,106041.2,9205.1375
2025-06-25,106041.4,108076.7,105756.6,107273.9,9700.6155
2025-06-26,107273.9,108239.1,106503.0,106911.5,7392.8116
2025-06-27,106911.5,107689.6,106319.1,106994.3,7477.8998
2025-06-28,106994.1,107506.7,106757.3,107249.0,2584.8964
2025-06-29,107249.0,108489.9,107114.5,108311.0,6786.9417
2025-06-30,108311.2,108747.1,106672.2,107083.3,7932.2642
2025-07-01,107083.3,107480.0,105172.3,105639.3,9823.3411
2025-07-02,105639.3,109704.9,105054.7,108800.2,10679.7446
2025-07-03,108800.2,110483.1,108479.7,109544.5,8255.9904
2025-07-04,109544.7,109732.0,107214.2,107941.4,8085.2634
2025-07-05,107941.6,108366.0,107700.4,108148.5,2818.9173
2025-07-06,108148.5,109676.5,107761.0,109149.3,4799.9534
2025-07-07,109149.3,109666.0,107455.0,108204.7,8181.5803
2025-07-08,108204.5,109179.2,107393.7,108867.8,9719.7009
2025-07-09,108867.8,112023.5,108284.1,111202.8,11826.326
2025-07-10,111202.8,117490.6,110449.8,115987.5,11199.5168
2025-07-11,115987.5,118869.8,115200.5,117506.0,9423.039
2025-07-12,117505.8,118173.2,116878.1,117386.1,3141.2615
2025-07-13,117385.9,119450.0,117177.0,119046.3,4536.1726
2025-07-14,119046.1,123240.0,118875.0,119832.6,10742.9131
2025-07-15,119832.6,119939.9,115731.4,117748.2,12022.3267
2025-07-16,117748.2,120082.7,117030.3,118625.8,7987.6835
2025-07-17,118626.0,121000.0,117446.4,119203.5,9270.6332
2025-07-18,119203.3,120874.7,116827.4,117937.6,8429.0456
2025-07-19,117937.6,118498.8,117276.6,117842.1,3241.4258
2025-07-20,117842.3,118900.0,116456.0,117275.1,4302.8431
2025-07-21,117278.9,119696.2,116524.0,117378.5,9038.492
2025-07-22,117378.3,120302.0,116000.0,120027.0,11990.435
2025-07-23,120027.2,120180.4,117298.3,118748.4,10058.2209
2025-07-24,118748.6,119500.3,117079.5,118326.9,12483.7325
2025-07-25,118315.1,118444.4,114674.1,117610.1,22855.6802
2025-07-26,117624.5,118311.2,117131.6,117898.7,5993.7293
2025-07-27,117898.7,119796.6,117810.4,119441.7,8665.68
2025-07-28,119441.7,119827.0,117411.9,118069.7,10346.0174
2025-07-29,118069.9,119277.7,116933.0,117920.3,11852.3465
2025-07-30,117920.3,118777.0,115735.0,117782.6,12840.6476
2025-07-31,117782.6,118913.0,115362.1,115694.5,14426.1563
2025-08-01,115694.5,116030.9,112674.8,113247.8,22568.6902
2025-08-02,113247.8,114025.3,111960.0,112509.5,10479.4693
2025-08-03,112509.5,114722.0,111834.7,114150.1,7615.162
2025-08-04,114150.3,115678.0,114060.8,115003.0,10398.5025
2025-08-05,115003.0,115080.0,112602.1,114075.1,13033.0776
2025-08-06,114074.9,115666.9,113305.1,114949.8,11112.5254
2025-08-07,114972.6,117575.0,114221.3,117413.6,13164.083
2025-08-08,117413.4,117579.9,115853.4,116618.0,8983.2215
2025-08-09,116618.2,117896.0,116315.0,116426.0,9116.6685
2025-08-10,116426.0,119300.0,116425.2,119274.8,11682.321
2025-08-11,119274.8,122334.4,118100.0,118654.9,22833.3526
2025-08-12,118655.1,120285.6,118163.1,120093.1,11648.9297
2025-08-13,120093.1,123734.0,118895.2,123344.4,14331.7752
2025-08-14,123344.4,124555.0,117131.8,118250.6,17884.16
2025-08-15,118250.6,119204.0,116743.0,117284.8,9851.7667
2025-08-16,117282.5,117853.2,117100.5,117327.6,4543.2946
2025-08-17,117327.6,118533.0,117117.9,117352.0,5895.1708
2025-08-18,117352.0,117499.3,114602.3,116178.9,13127.4259
2025-08-19,116179.1,116684.6,112669.5,112825.4,12604.6012
2025-08-20,112825.2,114570.0,112303.4,114222.5,11260.1865
2025-08-21,114222.5,114782.6,111954.7,112467.2,10030.0864
2025-08-22,112467.0,117381.8,111624.2,116904.5,19563.0858
2025-08-23,116904.5,116999.3,114521.0,115388.5,7533.8729
2025-08-24,115388.3,115642.6,110527.0,113449.6,14226.4087
2025-08-25,113449.8,113620.0,109225.1,110069.3,17106.6229
2025-08-26,110069.3,112326.6,108650.7,111714.7,14724.3189
2025-08-27,111714.9,112582.4,110316.3,111195.0,11880.7258
2025-08-28,111195.0,113428.8,110818.6,112512.8,10993.5955
2025-08-29,112513.0,112594.5,107421.0,108341.0,17094.3676
2025-08-30,108341.2,108886.6,107300.8,108765.0,6031.2797
2025-08-31,108764.8,109441.0,108018.9,108202.4,7948.3917
2025-09-01,108202.4,109874.3,107211.5,109187.6,17201.8612
2025-09-02,109187.6,111710.0,108350.0,111196.9,17694.7657
2025-09-03,111196.9,112550.1,110500.0,111658.7,12982.2911
2025-09-04,111658.9,112136.7,109300.0,110679.5,15268.8016
2025-09-05,110679.7,113343.0,110126.6,110615.6,22877.5117
2025-09-06,110615.6,111266.1,109921.7,110139.8,5186.8946
2025-09-07,110139.6,111547.3,110115.3,111083.4,6592.6115
2025-09-08,111083.6,112873.2,110559.4,112015.8,11404.2189
2025-09-09,112015.8,113230.0,110717.0,111499.8,13255.0066
2025-09-10,111500.0,114262.0,110870.1,113895.6,16472.8945
2025-09-11,113895.4,115439.6,113359.1,115435.0,13490.0435
2025-09-12,115434.9,116599.0,114706.3,115974.0,13377.5658
2025-09-13,115974.0,116228.9,115082.7,115872.8,5905.3552
2025-09-14,115872.8,116118.2,115070.0,115224.0,7215.5141
2025-09-15,115224.2,116735.2,114330.0,115310.2,14748.4082
2025-09-16,115310.2,116916.0,114707.9,116748.0,13396.2026
2025-09-17,116747.8,117242.1,114688.1,116402.3,21896.6995
2025-09-18,116403.9,117876.1,116050.0,117020.1,13243.2517
2025-09-19,117020.3,117414.1,115035.0,115571.7,11276.3183
2025-09-20,115571.7,116064.3,115358.0,115625.8,4111.5896
2025-09-21,115625.6,115776.9,115132.6,115176.5,4309.4472
2025-09-22,115176.5,115338.6,111600.0,112605.2,18568.3943
2025-09-23,112605.2,113244.7,111400.3,111945.9,12985.4354
2025-09-24,111944.5,113892.3,110970.9,113251.0,12911.1027
2025-09-25,113251.2,113464.8,108573.2,108935.8,22139.4892
2025-09-26,108935.6,110244.4,108572.9,109588.1,14356.9804
2025-09-27,109588.1,109674.2,109011.0,109581.4,4538.7506
2025-09-28,109581.6,112300.0,109140.0,112124.8,8748.4925
2025-09-29,112124.8,114362.9,111500.0,114251.5,14232.4109
2025-09-30,114251.3,114737.5,112611.5,114000.5,14292.7894
2025-10-01,114000.3,118610.9,113908.1,118556.4,18545.8458
2025-10-02,118555.9,120991.6,118250.0,120481.0,17166.2267
2025-10-03,120481.2,123876.2,119210.9,122178.6,18329.3799
2025-10-04,122184.0,122750.6,121470.0,122350.0,7427.2974
2025-10-05,122349.8,125791.3,122089.6,123436.4,18154.104
2025-10-06,123436.4,126159.6,123025.4,124606.3,18736.8407
2025-10-07,124613.7,125103.4,120546.9,121289.4,19674.925
2025-10-08,121289.2,124152.9,120985.8,123239.6,16756.5437
2025-10-09,123239.6,123709.7,119577.0,121595.5,18908.6586
2025-10-10,121595.5,122455.0,101549.0,112739.9,42907.3525
2025-10-11,112739.7,113280.0,109506.5,110597.8,13188.7435
2025-10-12,110597.6,115732.7,109524.0,114904.9,20493.2882
2025-10-13,114904.7,115896.9,113595.0,115114.5,17945.9066
2025-10-14,115114.7,115367.6,109810.0,112979.2,26584.512
2025-10-15,112979.2,113573.8,110095.2,110706.1,16199.9776
2025-10-16,110706.3,111951.0,107376.4,108135.6,21616.6356
2025-10-17,108135.8,109182.6,103457.7,106372.9,24113.9558
2025-10-18,106373.1,107446.6,106234.1,107119.4,7128.1076
2025-10-19,107119.4,109389.3,106070.0,108593.3,12973.8816
2025-10-20,108593.3,111664.6,107380.4,110482.7,16950.451
2025-10-21,110482.7,113973.3,107419.0,108245.5,27558.2947
2025-10-22,108245.5,109130.2,106643.3,107527.4,19303.198
2025-10-23,107528.9,111248.0,107472.0,110011.0,14379.678
2025-10-24,110010.8,112080.0,109644.4,110956.2,13431.9214
2025-10-25,110956.0,111902.0,110615.7,111586.8,6071.3685
2025-10-26,111586.8,115527.7,111199.5,114501.5,11699.6665
2025-10-27,114501.5,116376.1,113781.3,114062.0,13919.3019
2025-10-28,114062.0,116054.2,112165.0,112839.3,16173.6634
2025-10-29,112839.3,113592.3,109140.1,109969.0,24113.4429
2025-10-30,109969.2,111571.4,106258.5,108261.4,21819.1609
2025-10-31,108261.3,111107.7,108200.0,109548.9,18049.0301
2025-11-01,109548.9,110516.7,109328.5,110048.1,5660.5226
2025-11-02,110048.1,111194.1,109405.9,110496.0,8196.1298
2025-11-03,110496.0,110708.6,105300.0,106537.3,24434.0552
2025-11-04,106537.1,107243.6,98900.0,101431.1,28139.3949
2025-11-05,101440.1,104491.1,98916.5,103834.6,15718.2835
2025-11-06,103833.3,104157.0,100250.0,101302.6,20114.1994
2025-11-07,101302.6,104046.0,99217.1,103295.9,16278.9512
2025-11-08,103295.9,103368.4,101415.7,102268.6,7837.3792
2025-11-09,102268.8,105428.7,101347.6,104664.8,13128.4769
2025-11-10,104665.0,106626.9,104219.4,105964.7,14091.5835
2025-11-11,105964.7,107481.6,102450.0,103007.4,17062.3899
2025-11-12,103012.1,105290.0,100734.6,101605.0,17275.4064
2025-11-13,101604.8,104000.0,97956.7,99645.2,26875.8109
2025-11-14,99645.2,99823.3,93955.0,94538.5,28240.9717
2025-11-15,94538.5,96781.5,94516.4,95561.5,9409.7849
2025-11-16,95561.5,96585.9,92943.0,94221.2,15890.9292
2025-11-17,94221.2,96000.0,91255.4,92172.8,20745.271
2025-11-18,92172.8,93791.2,89158.0,92922.7,24263.6779
2025-11-19,92922.5,92943.1,88580.0,91511.9,25545.3827
2025-11-20,91512.1,93133.1,86061.3,86597.4,28886.3384
2025-11-21,86595.3,87466.2,80600.0,85092.2,36337.1417
2025-11-22,85092.2,85588.0,83462.6,84697.6,10861.7139
2025-11-23,84697.4,88089.0,84631.0,86795.2,17432.2364
2025-11-24,86795.4,89172.7,85230.6,88243.0,22761.7699
2025-11-25,88243.0,88466.0,86070.9,87317.0,18587.6343
2025-11-26,87317.0,90601.9,86263.3,90430.7,18724.5106
2025-11-27,90430.1,91884.4,90000.0,91287.9,15811.5389
2025-11-28,91287.7,93036.3,90164.6,90848.1,19584.7531
2025-11-29,90848.1,91128.4,90097.8,90764.5,9746.5829
2025-11-30,90764.5,91928.7,90293.6,90316.0,11763.2691
2025-12-01,90316.0,90381.9,83782.8,86250.0,34470.2548
2025-12-02,86250.0,92257.0,86152.0,91245.7,27755.4177
2025-12-03,91245.7,94126.4,90960.0,93381.6,28812.6967
2025-12-04,93381.6,94031.1,90827.3,92033.7,19315.5856
2025-12-05,92033.7,92660.0,88017.7,89281.3,21534.1446
2025-12-06,89283.1,90240.0,88824.0,89182.6,10251.8952
2025-12-07,89190.5,91726.6,87680.7,90340.2,17855.5914
2025-12-08,90340.0,92250.0,89560.0,90603.9,17970.7554
2025-12-09,90603.9,94558.6,89455.0,92634.9,23791.9078
2025-12-10,92634.9,94441.9,91529.2,91976.3,24944.7941
2025-12-11,91976.5,93541.3,89230.8,92480.7,22509.6913
2025-12-12,92480.2,92710.9,89424.7,90227.7,17411.2456
2025-12-13,90227.7,90595.7,89716.0,90197.1,8856.2
2025-12-14,90196.9,90437.2,87539.0,88106.3,15590.1767
2025-12-15,88106.1,89977.9,85120.0,86392.3,22881.5316
2025-12-16,86392.3,88135.2,85235.0,87824.7,18465.7536
2025-12-17,87824.5,90334.2,85276.5,86201.4,27532.2521
2025-12-18,86201.4,89444.1,84402.3,85466.7,26424.9182
2025-12-19,85466.9,89374.8,85066.2,88101.8,20422.1774
2025-12-20,88101.6,88536.3,87790.0,88321.1,4771.1267
2025-12-21,88320.1,89045.8,87555.0,88623.8,12493.7908
2025-12-22,88623.8,90555.0,87844.9,88568.6,20407.2328
2025-12-23,88568.6,88899.8,86555.0,87450.6,18145.2448
2025-12-24,87450.8,88022.5,86367.0,87631.1,16828.6526
2025-12-25,87630.9,88565.4,86900.4,87181.0,14746.6403
2025-12-26,87181.2,89531.6,86618.6,87324.9,28318.1394
2025-12-27,87325.1,87953.0,87201.3,87832.3,8937.7381
2025-12-28,87832.3,88066.4,87384.0,87914.5,12266.3513
2025-12-29,87914.7,90362.5,86759.8,87200.0,38607.182
2025-12-30,87200.0,89356.9,86792.0,88454.2,27712.8781
2025-12-31,88454.1,89185.3,87213.0,87600.8,22440.3723
2026-01-01,87600.6,88882.1,87518.1,88804.1,12155.5879
2026-01-02,88805.0,90955.8,88351.0,89951.6,38437.8442
2026-01-03,89951.8,90720.0,89262.0,90594.3,12759.7161
2026-01-04,90594.5,91776.6,90594.2,91492.5,19662.4545
2026-01-05,91492.3,94750.0,91476.3,93821.8,39336.1129
2026-01-06,93821.8,94400.0,91223.8,93703.1,38701.844
2026-01-07,93702.9,93711.7,90650.0,91328.4,29859.7956
2026-01-08,91328.4,91610.0,89280.0,91058.5,33900.4503
2026-01-09,91058.3,91988.8,89660.1,90605.8,30153.1233
2026-01-10,90605.5,90795.0,90351.8,90474.1,7437.5837
2026-01-11,90474.1,91256.6,90179.2,90967.9,13982.7685
2026-01-12,90967.0,92496.9,90075.1,91250.8,37174.0019
2026-01-13,91250.8,96702.5,91007.7,95385.0,23753.109
2026-01-14,95385.0,97900.0,94510.0,96907.1,20376.8278
2026-01-15,96907.1,97157.3,95086.0,95566.0,17797.1285
2026-01-16,95566.0,95819.2,94253.5,95503.0,20043.4043
2026-01-17,95503.2,95609.0,94974.5,95110.6,8361.8247
2026-01-18,95110.6,95491.2,93550.5,93619.3,13952.1546
2026-01-19,93619.5,93619.5,91807.1,92589.4,22441.4756
2026-01-20,92589.4,92840.0,87773.7,88385.6,42952.5798
2026-01-21,88385.6,90518.2,87215.3,89411.7,36338.7063
2026-01-22,89411.7,90319.0,88468.0,89515.0,20349.8489
2026-01-23,89515.0,91179.0,88520.0,89555.3,24344.4733
2026-01-24,89555.3,89890.2,89116.0,89179.8,5552.0108
2026-01-25,89179.8,89280.0,86035.2,86628.3,25303.7463
2026-01-26,86628.1,88828.2,86459.6,88302.2,23833.3913
2026-01-27,88302.2,89489.5,87265.6,89211.0,22467.3086
2026-01-28,89211.0,90585.0,88800.0,89263.0,20378.174
2026-01-29,89262.5,89300.0,83339.2,84605.9,35784.1087
2026-01-30,84605.9,84694.3,81021.2,84215.2,32562.0297
2026-01-31,84215.2,84236.0,75600.0,78702.7,41298.9545
2026-02-01,78702.9,79384.0,75672.0,76937.7,26986.913
2026-02-02,76937.9,79289.5,74567.1,78694.5,34978.3606
2026-02-03,78694.7,79162.4,72873.1,75733.0,47659.4522
2026-02-04,75733.0,76943.0,71840.0,73138.0,42501.9344
2026-02-05,73137.7,73309.0,62290.0,62872.7,91266.5595
2026-02-06,62871.8,71714.9,59809.1,70537.7,60997.3116
2026-02-07,70532.1,71641.0,67300.0,69253.9,38682.7886
2026-02-08,69254.6,72256.3,68847.2,70289.1,30517.0743
2026-02-09,70289.1,71424.0,68266.0,70112.0,36320.1409
2026-02-10,70112.0,70494.3,67888.0,68803.9,24983.847
2026-02-11,68804.1,69264.7,65707.3,67048.6,30104.7219
2026-02-12,67055.2,68385.0,65080.0,66243.9,24289.779
2026-02-13,66242.6,69429.7,65833.1,68818.9,21996.6888
2026-02-14,68818.9,70528.8,68697.4,69792.1,14136.8321
2026-02-15,69792.0,70931.0,68053.6,68797.9,17800.5815
2026-02-16,68797.7,70095.3,67253.8,68862.2,19964.7622
2026-02-17,68863.2,69228.0,66579.6,67477.3,22072.5071
2026-02-18,67477.3,68437.5,65821.7,66426.4,22992.3728
2026-02-19,66427.3,67296.0,65600.0,66974.3,22235.8604
2026-02-20,66972.9,68280.0,66423.8,67984.2,27035.8366
2026-02-21,67986.1,68684.0,67505.0,67945.1,13719.1196
2026-02-22,67945.0,68220.2,67150.0,67614.2,12077.9981
2026-02-23,67614.3,67673.8,63856.6,64622.7,32044.8955
2026-02-24,64622.5,64976.2,62449.4,64029.6,23196.3201
2026-02-25,64029.6,69993.9,63873.4,67958.2,31156.0696
2026-02-26,67958.4,68852.6,66470.0,67448.1,22141.3683
2026-02-27,67448.1,68187.0,64892.0,65836.7,23406.982
2026-02-28,65836.9,67728.9,62981.4,66938.1,24880.8312
2026-03-01,66938.1,68181.3,65011.2,65743.4,20252.3455
2026-03-02,65745.6,70084.8,65250.0,68799.1,25889.2463
2026-03-03,68799.2,69216.0,66115.0,68295.8,25560.186
2026-03-04,68296.0,74021.5,67365.0,72641.1,30391.1381
2026-03-05,72641.1,73523.7,70612.2,70848.2,24481.4695
2026-03-06,70851.7,71383.0,67720.0,68079.6,22103.1071
2026-03-07,68079.4,68525.4,66870.8,67228.1,12317.8467
2026-03-08,67228.5,68168.0,65579.1,65945.2,17439.0294
2026-03-09,65945.2,69483.2,65781.7,68390.8,21690.2876
2026-03-10,68390.8,71742.0,68353.5,69907.7,32240.5706
2026-03-11,69907.7,71288.0,68940.9,70150.6,22369.6706
2026-03-12,70150.5,70756.4,69167.7,70482.4,22975.339
2026-03-13,70480.5,73865.8,70346.0,70899.5,28659.8667
2026-03-14,70899.4,71264.0,70272.2,71172.9,9646.8728
2026-03-15,71173.1,73179.4,70822.2,72776.2,14555.0473
2026-03-16,72776.4,74881.4,72250.0,74844.9,26691.9094
2026-03-17,74844.9,75993.3,73370.0,73868.3,22549.4626
2026-03-18,73868.3,74634.5,70455.0,71210.1,22520.7932
2026-03-19,71210.1,71580.4,68754.7,69884.7,23516.8015
2026-03-20,69884.9,71336.0,69353.9,70474.7,19372.7992
2026-03-21,70474.9,71068.9,68528.1,68876.8,10635.2274
2026-03-22,68876.9,69554.0,67303.1,67829.3,16846.9413
2026-03-23,67829.5,71778.7,67413.6,70864.5,27301.7104
2026-03-24,70864.5,71379.3,68901.3,70522.0,23974.7162
2026-03-25,70521.8,71988.7,70379.6,71302.6,20286.884
2026-03-26,71302.6,71411.1,68118.0,68793.7,21249.1162
2026-03-27,68793.7,69145.0,65516.4,66367.4,24808.7776
2026-03-28,66367.4,67259.5,65890.5,66339.6,10906.7749
2026-03-29,66339.6,67100.0,64914.5,65981.2,12222.3242
2026-03-30,65981.2,68145.0,65762.0,66765.5,22451.868
2026-03-31,66765.3,68569.7,65952.4,68243.1,28055.1174
2026-04-01,68242.5,69275.0,67498.1,68084.1,19260.5484
2026-04-02,68084.1,68621.4,65681.0,66869.5,19718.8785
2026-04-03,66869.7,67327.8,66250.0,66928.0,11318.6014
2026-04-04,66928.0,67517.5,66740.0,67268.4,7306.8688
2026-04-05,67268.4,69100.0,66572.3,68996.0,13508.5117
2026-04-06,68996.0,70317.7,68300.0,68813.5,17729.6831
2026-04-07,68813.3,72742.9,67703.1,71900.1,24756.1515
2026-04-08,71900.0,72823.0,70671.6,71038.4,17305.773
2026-04-09,71038.4,73124.0,70426.0,71754.3,19669.4149
2026-04-10,71754.3,73393.6,71399.3,72920.6,16117.1048
2026-04-11,72920.8,73776.0,72460.8,73013.1,9898.8704
2026-04-12,73013.3,73099.6,70474.7,70710.8,16639.9374
2026-04-13,70711.0,74870.4,70533.9,74380.1,21990.168
2026-04-14,74380.1,75997.0,73774.9,74099.9,21239.2086
2026-04-15,74099.9,75392.6,73485.4,74775.0,18215.8826
2026-04-16,74775.0,75499.0,73270.1,75106.1,18421.0596
2026-04-17,75105.9,78285.1,74500.1,77040.2,27350.6737
2026-04-18,77040.2,77375.6,75400.0,75656.0,11659.4684
2026-04-19,75656.2,76205.1,73723.6,73757.4,16779.1099
2026-04-20,73764.4,76534.2,73679.1,75798.9,23039.064
2026-04-21,75798.9,76868.0,74778.3,76294.4,24716.027
2026-04-22,76294.6,79425.0,76106.5,78141.6,26291.0476
2026-04-23,78141.6,78636.4,76801.3,78213.2,20349.4206
2026-04-24,78216.8,78529.5,77205.1,77396.9,15938.0373
2026-04-25,77395.8,77845.3,77095.0,77588.3,6531.8115
2026-04-26,77588.5,78911.9,77284.7,78617.3,11491.9013
2026-04-27,78620.1,79445.0,76410.6,77329.1,20004.2434
2026-04-28,77328.9,77446.8,75630.0,76300.1,16860.5617
2026-04-29,76300.3,77865.5,74902.6,75751.5,21590.5998
2026-04-30,75751.7,76629.6,75287.9,76306.3,11654.7198
2026-05-01,76306.5,78887.6,76271.1,78192.0,16409.7178
2026-05-02,78192.2,79152.2,77998.2,78654.5,6654.9438
2026-05-03,78654.5,79418.0,78026.8,78529.7,10455.1091
2026-05-04,78529.9,80741.1,78166.6,79822.7,22377.9868
2026-05-05,79822.7,81747.8,79757.5,80863.5,20309.1095
2026-05-06,80863.5,82800.0,80691.7,81393.9,19964.9713
2026-05-07,81393.7,81695.2,79468.0,79975.7,16586.4773
2026-05-08,79978.8,80452.6,79157.0,80157.3,13707.1756
2026-05-09,80157.3,81038.6,80084.2,80640.2,7787.8842
2026-05-10,80640.2,82440.0,80224.6,82179.2,11286.6697
2026-05-11,82179.4,82356.0,80403.7,81697.7,14247.8372
2026-05-12,81697.7,81746.1,79800.0,80459.8,15517.2837
2026-05-13,80459.8,81277.7,78735.0,79286.7,17275.1917
2026-05-14,79286.9,81994.1,78880.3,81053.2,20253.2693
2026-05-15,81053.4,81618.3,78611.2,79076.4,16755.4871
2026-05-16,79076.4,79205.0,77610.2,78107.2,9897.8886
2026-05-17,78107.0,78566.7,76683.3,77421.0,12824.9669
2026-05-18,77420.8,77766.3,76021.0,76962.8,20509.4254
2026-05-19,76962.6,77376.8,76114.0,76801.9,18428.2377
2026-05-20,76801.9,77825.9,76480.4,77510.0,13960.9445
2026-05-21,77510.0,78166.0,76691.4,77585.9,16257.0016
2026-05-22,77585.7,77863.7,75328.0,75505.0,15932.6783
2026-05-23,75509.1,77380.0,74215.0,76710.4,18953.1315
2026-05-24,76710.6,77580.0,76059.0,77031.0,12872.282
2026-05-25,77030.8,77870.0,76878.4,77281.8,11480.6193
2026-05-26,77281.6,78053.3,75637.3,75898.2,25535.9309
2026-05-27,75900.7,76145.5,74209.3,74415.1,19954.4238
2026-05-28,74415.1,74559.9,72563.9,73591.6,22009.1736
2026-05-29,73591.4,74288.0,72479.8,73433.0,17239.1096
2026-05-30,73433.0,74100.9,73182.7,73846.0,6537.2181
2026-05-31,73846.0,74242.1,73347.1,73650.2,10189.6694
2026-06-01,73650.2,74063.9,70670.0,71391.4,23938.9398
2026-06-02,71391.6,71399.0,66162.0,66725.9,37023.2447
2026-06-03,66725.7,67471.3,64061.2,64109.3,28089.478
2026-06-04,64109.2,64731.2,61350.2,63850.2,38311.4441
2026-06-05,63850.4,63949.9,59100.3,61020.3,40053.5855
2026-06-06,61021.6,61496.7,59450.2,60851.4,16559.3349
2026-06-07,60851.6,64232.4,60708.7,63303.3,25631.345
2026-06-08,63303.1,64178.9,62375.9,63058.9,20977.8452
2026-06-09,63058.7,63495.5,60765.9,61697.2,31624.6524
2026-06-10,61697.4,62826.1,60713.5,61479.4,29923.5384
2026-06-11,61479.2,63888.8,61479.2,63594.9,23797.7673
2026-06-12,63595.0,64354.9,62810.3,63546.0,20191.1614
2026-06-13,63546.1,64728.2,63407.0,64417.4,10813.1549
2026-06-14,64417.5,65764.3,63650.7,65706.2,16796.641
2026-06-15,65705.1,67251.7,65316.0,66288.3,23179.2171
2026-06-16,66288.3,66959.8,65330.4,65644.2,24919.3075
2026-06-17,65644.3,66406.5,63887.3,64474.2,34767.6621
2026-06-18,64474.1,64777.0,62232.6,62921.7,26633.5619
2026-06-19,62921.8,63642.7,62279.0,63510.9,19629.7108
2026-06-20,63511.0,64358.0,63169.0,64265.6,16235.7532
2026-06-21,64265.6,64547.7,63241.9,63283.5,13599.2556
2026-06-22,63283.5,65595.3,63282.9,63991.7,20565.3524
2026-06-23,63991.6,64244.0,61889.0,62697.3,16180.7175
2026-06-24,62697.4,63182.6,59061.3,61051.7,27726.3502
2026-06-25,61051.7,61930.0,58073.0,59768.2,25199.1051
2026-06-26,59768.5,60729.5,58300.0,60072.7,28482.2028
2026-06-27,60072.7,60919.2,59822.2,59998.2,10299.625
2026-06-28,59998.3,60518.9,58881.0,59550.4,13228.4133
2026-06-29,59550.4,60760.4,58868.0,60226.7,20454.3182
2026-06-30,60227.2,60247.7,58166.9,58604.3,22911.8954
2026-07-01,58604.3,61320.2,57772.2,60001.5,22516.9006
2026-07-02,60001.5,62173.0,59558.7,61537.1,18398.6559
2026-07-03,61537.1,62944.2,61220.3,62557.6,14251.9124
2026-07-04,62557.6,63440.0,62300.0,63114.7,11951.0848
2026-07-05,63114.7,63969.0,62413.9,63613.4,11725.3424
2026-07-06,63613.4,64692.7,61303.4,64021.5,23395.4403
2026-07-07,64021.6,64295.2,62652.2,63333.4,19661.5445
2026-07-08,63334.2,63735.7,61524.5,62256.2,17180.4622
2026-07-09,62255.5,63469.3,61666.5,63197.2,16644.0777
2026-07-10,63196.9,64679.4,62896.7,64135.8,14470.4527
2026-07-11,64135.8,64481.3,63768.7,63785.1,6138.722
2026-07-12,63785.0,64269.2,63608.2,63748.7,7630.253
2026-07-13,63748.6,64404.1,61800.0,62310.6,24275.415
2026-07-14,62310.5,65089.6,62240.2,65008.9,19605.5999
2026-07-15,65009.0,65574.2,64453.4,64721.8,22649.8854
2026-07-16,64721.8,64973.1,63716.1,63801.1,15773.7446
2026-07-17,63801.1,64350.0,62507.9,63902.9,21571.2452
2026-07-18,63903.0,64842.6,63859.8,64804.3,7946.2786
2026-07-19,64804.3,64935.0,64256.3,64697.7,11191.7395
2026-07-20,64697.6,65771.4,63730.4,65223.7,19006.5524
2026-07-21,65223.6,66921.6,65116.1,66522.9,12594.2778
2026-07-22,66522.8,66708.0,65519.4,66081.4,16465.4224
2026-07-23,66081.4,66280.9,64627.1,65064.9,13855.1838
2026-07-24,65065.0,65779.6,63710.0,64116.2,16906.2967
2026-07-25,64116.1,64415.2,63763.8,64346.2,7267.957
2026-07-26,64346.1,65550.0,64259.4,65376.3,9102.2591
2026-07-27,65376.3,65717.1,63571.2,63724.9,15916.1519
2026-07-28,63724.9,64099.2,62712.2,63901.8,13493.5542
2026-07-29,63900.8,64696.0,63231.6,63955.3,19057.0125
2026-07-30,63955.0,64645.2,63578.2,64582.3,5655.0491
